Command line invocation:
    /Applications/Xcode-beta.app/Contents/Developer/usr/bin/xcodebuild -project Plainsong.xcodeproj -scheme PerformanceTests -configuration Release -destination platform=macOS -parallel-testing-enabled NO -derivedDataPath /private/tmp/plainsong-e9-build-7377cf4e51edb85d023986a8c33cabd3edff6a10/Release ENABLE_TESTABILITY=YES build-for-testing

Build settings from command line:
    ENABLE_TESTABILITY = YES

Resolve Package Graph


Resolved source packages:
  EditorKit: /Users/davis._.su/Documents/plainsong-export-html-command/Packages/EditorKit
  TreeSitterMarkdown: https://github.com/tree-sitter-grammars/tree-sitter-markdown.git @ 0.5.3
  STTextView: https://github.com/krzyzanowskim/STTextView.git @ 2.3.10
  WorkspaceKit: /Users/davis._.su/Documents/plainsong-export-html-command/Packages/WorkspaceKit
  TreeSitter: https://github.com/tree-sitter/tree-sitter @ 0.25.10
  CoreTextSwift: https://github.com/krzyzanowskim/CoreTextSwift @ 0.2.0
  PreviewKit: /Users/davis._.su/Documents/plainsong-export-html-command/Packages/PreviewKit
  MarkdownCore: /Users/davis._.su/Documents/plainsong-export-html-command/Packages/MarkdownCore
  SwiftTreeSitter: https://github.com/tree-sitter/swift-tree-sitter.git @ 0.10.0
  STTextKitPlus: https://github.com/krzyzanowskim/STTextKitPlus @ 0.3.1
  Yams: https://github.com/jpsim/Yams.git @ 6.2.2

--- xcodebuild: WARNING: Using the first of multiple matching destinations:
{ platform:macOS, arch:arm64, id:00006000-0004042411D2801E, name:My Mac }
{ platform:macOS, arch:x86_64, id:00006000-0004042411D2801E, name:My Mac }
2026-10-04 19:39:20.203 xcodebuild[20965:194140] [MT] DVTAssertions: Warning in IDEFrameworks/IDEFoundation/Testing/IDETestRunSpecificationBuilder.m:463
Details:  Test host (/tmp/plainsong-e9-build-7377cf4e51edb85d023986a8c33cabd3edff6a10/Release/Build/Products/Release/Plainsong.app/Contents/MacOS/Plainsong) for <Xcode3TargetProduct:0x7871f4cd80:PerformanceTests.xctest blueprint:<Xcode3Target:0x7871d86bc0:PerformanceTests>> was not found among the preferred buildables but a match was found in the workspace-wide search.
Object:   <IDETestRunSpecificationBuilder>
Method:   +hostBuildableProductForBuildable:buildParameters:workspace:preferredBuildables:
Thread:   <_NSMainThread: 0x1014cd170>{number = 1, name = main}
Please file a bug at https://feedbackassistant.apple.com with this warning message and any useful information you can provide.
ComputePackagePrebuildTargetDependencyGraph

Prepare packages

CreateBuildRequest

SendProjectDescription

CreateBuildOperation

ComputeTargetDependencyGraph
note: Building targets in dependency order
note: Target dependency graph (36 targets)
    Target 'PerformanceTests' in project 'Plainsong'
        ➜ Explicit dependency on target 'Plainsong' in project 'Plainsong'
    Target 'Plainsong' in project 'Plainsong'
        ➜ Explicit dependency on target 'MarkdownCore-product' in project 'MarkdownCore'
        ➜ Explicit dependency on target 'EditorKit-product' in project 'EditorKit'
        ➜ Explicit dependency on target 'PreviewKit-product' in project 'PreviewKit'
        ➜ Explicit dependency on target 'WorkspaceKit-product' in project 'WorkspaceKit'
    Target 'WorkspaceKit-product' in project 'WorkspaceKit'
        ➜ Explicit dependency on target 'WorkspaceKit' in project 'WorkspaceKit'
        ➜ Explicit dependency on target 'MarkdownCore-product' in project 'MarkdownCore'
    Target 'WorkspaceKit' in project 'WorkspaceKit'
        ➜ Explicit dependency on target 'MarkdownCore-product' in project 'MarkdownCore'
    Target 'PreviewKit-product' in project 'PreviewKit'
        ➜ Explicit dependency on target 'PreviewKit' in project 'PreviewKit'
        ➜ Explicit dependency on target 'MarkdownCore-product' in project 'MarkdownCore'
    Target 'PreviewKit' in project 'PreviewKit'
        ➜ Explicit dependency on target 'MarkdownCore-product' in project 'MarkdownCore'
    Target 'EditorKit-product' in project 'EditorKit'
        ➜ Explicit dependency on target 'EditorKit' in project 'EditorKit'
        ➜ Explicit dependency on target 'TreeSitterTSXFixed' in project 'EditorKit'
        ➜ Explicit dependency on target 'TreeSitterYAMLFixed' in project 'EditorKit'
        ➜ Explicit dependency on target 'MarkdownCore-product' in project 'MarkdownCore'
        ➜ Explicit dependency on target 'STTextView-product' in project 'STTextView'
        ➜ Explicit dependency on target 'SwiftTreeSitter-product' in project 'SwiftTreeSitter'
        ➜ Explicit dependency on target 'TreeSitterMarkdown-product' in project 'TreeSitterMarkdown'
    Target 'EditorKit' in project 'EditorKit'
        ➜ Explicit dependency on target 'TreeSitterTSXFixed' in project 'EditorKit'
        ➜ Explicit dependency on target 'TreeSitterYAMLFixed' in project 'EditorKit'
        ➜ Explicit dependency on target 'MarkdownCore-product' in project 'MarkdownCore'
        ➜ Explicit dependency on target 'STTextView-product' in project 'STTextView'
        ➜ Explicit dependency on target 'SwiftTreeSitter-product' in project 'SwiftTreeSitter'
        ➜ Explicit dependency on target 'TreeSitterMarkdown-product' in project 'TreeSitterMarkdown'
    Target 'TreeSitterMarkdown-product' in project 'TreeSitterMarkdown'
        ➜ Explicit dependency on target 'TreeSitterMarkdown' in project 'TreeSitterMarkdown'
        ➜ Explicit dependency on target 'TreeSitterMarkdownInline' in project 'TreeSitterMarkdown'
        ➜ Explicit dependency on target 'TreeSitterMarkdown_TreeSitterMarkdown' in project 'TreeSitterMarkdown'
        ➜ Explicit dependency on target 'TreeSitterMarkdown_TreeSitterMarkdownInline' in project 'TreeSitterMarkdown'
    Target 'TreeSitterMarkdownInline' in project 'TreeSitterMarkdown'
        ➜ Explicit dependency on target 'TreeSitterMarkdown_TreeSitterMarkdownInline' in project 'TreeSitterMarkdown'
    Target 'TreeSitterMarkdown_TreeSitterMarkdownInline' in project 'TreeSitterMarkdown' (no dependencies)
    Target 'TreeSitterMarkdown' in project 'TreeSitterMarkdown'
        ➜ Explicit dependency on target 'TreeSitterMarkdown_TreeSitterMarkdown' in project 'TreeSitterMarkdown'
    Target 'TreeSitterMarkdown_TreeSitterMarkdown' in project 'TreeSitterMarkdown' (no dependencies)
    Target 'SwiftTreeSitter-product' in project 'SwiftTreeSitter'
        ➜ Explicit dependency on target 'SwiftTreeSitter' in project 'SwiftTreeSitter'
        ➜ Explicit dependency on target 'TreeSitter-product' in project 'TreeSitter'
    Target 'SwiftTreeSitter' in project 'SwiftTreeSitter'
        ➜ Explicit dependency on target 'TreeSitter-product' in project 'TreeSitter'
    Target 'TreeSitter-product' in project 'TreeSitter'
        ➜ Explicit dependency on target 'TreeSitter' in project 'TreeSitter'
    Target 'TreeSitter' in project 'TreeSitter' (no dependencies)
    Target 'STTextView-product' in project 'STTextView'
        ➜ Explicit dependency on target 'STTextView' in project 'STTextView'
        ➜ Explicit dependency on target 'STTextViewSwiftUI' in project 'STTextView'
        ➜ Explicit dependency on target 'STTextViewCommon' in project 'STTextView'
        ➜ Explicit dependency on target 'STObjCLandShim' in project 'STTextView'
        ➜ Explicit dependency on target 'STTextViewAppKit' in project 'STTextView'
        ➜ Explicit dependency on target 'STTextViewSwiftUICommon' in project 'STTextView'
        ➜ Explicit dependency on target 'STTextViewSwiftUIAppKit' in project 'STTextView'
        ➜ Explicit dependency on target 'STTextKitPlus-product' in project 'STTextKitPlus'
        ➜ Explicit dependency on target 'CoreTextSwift-product' in project 'CoreTextSwift'
    Target 'STTextViewSwiftUI' in project 'STTextView'
        ➜ Explicit dependency on target 'STTextViewCommon' in project 'STTextView'
        ➜ Explicit dependency on target 'STObjCLandShim' in project 'STTextView'
        ➜ Explicit dependency on target 'STTextViewAppKit' in project 'STTextView'
        ➜ Explicit dependency on target 'STTextView' in project 'STTextView'
        ➜ Explicit dependency on target 'STTextViewSwiftUICommon' in project 'STTextView'
        ➜ Explicit dependency on target 'STTextViewSwiftUIAppKit' in project 'STTextView'
        ➜ Explicit dependency on target 'STTextKitPlus-product' in project 'STTextKitPlus'
        ➜ Explicit dependency on target 'CoreTextSwift-product' in project 'CoreTextSwift'
    Target 'STTextViewSwiftUIAppKit' in project 'STTextView'
        ➜ Explicit dependency on target 'STTextViewCommon' in project 'STTextView'
        ➜ Explicit dependency on target 'STObjCLandShim' in project 'STTextView'
        ➜ Explicit dependency on target 'STTextViewAppKit' in project 'STTextView'
        ➜ Explicit dependency on target 'STTextView' in project 'STTextView'
        ➜ Explicit dependency on target 'STTextViewSwiftUICommon' in project 'STTextView'
        ➜ Explicit dependency on target 'STTextKitPlus-product' in project 'STTextKitPlus'
        ➜ Explicit dependency on target 'CoreTextSwift-product' in project 'CoreTextSwift'
    Target 'STTextViewSwiftUICommon' in project 'STTextView' (no dependencies)
    Target 'STTextView' in project 'STTextView'
        ➜ Explicit dependency on target 'STTextViewCommon' in project 'STTextView'
        ➜ Explicit dependency on target 'STObjCLandShim' in project 'STTextView'
        ➜ Explicit dependency on target 'STTextViewAppKit' in project 'STTextView'
        ➜ Explicit dependency on target 'STTextKitPlus-product' in project 'STTextKitPlus'
        ➜ Explicit dependency on target 'CoreTextSwift-product' in project 'CoreTextSwift'
    Target 'STTextViewAppKit' in project 'STTextView'
        ➜ Explicit dependency on target 'STTextViewCommon' in project 'STTextView'
        ➜ Explicit dependency on target 'STObjCLandShim' in project 'STTextView'
        ➜ Explicit dependency on target 'STTextKitPlus-product' in project 'STTextKitPlus'
        ➜ Explicit dependency on target 'CoreTextSwift-product' in project 'CoreTextSwift'
    Target 'CoreTextSwift-product' in project 'CoreTextSwift'
        ➜ Explicit dependency on target 'CoreTextSwift' in project 'CoreTextSwift'
    Target 'CoreTextSwift' in project 'CoreTextSwift' (no dependencies)
    Target 'STObjCLandShim' in project 'STTextView' (no dependencies)
    Target 'STTextViewCommon' in project 'STTextView'
        ➜ Explicit dependency on target 'STTextKitPlus-product' in project 'STTextKitPlus'
    Target 'STTextKitPlus-product' in project 'STTextKitPlus'
        ➜ Explicit dependency on target 'STTextKitPlus' in project 'STTextKitPlus'
    Target 'STTextKitPlus' in project 'STTextKitPlus' (no dependencies)
    Target 'TreeSitterYAMLFixed' in project 'EditorKit' (no dependencies)
    Target 'TreeSitterTSXFixed' in project 'EditorKit' (no dependencies)
    Target 'MarkdownCore-product' in project 'MarkdownCore'
        ➜ Explicit dependency on target 'MarkdownCore' in project 'MarkdownCore'
        ➜ Explicit dependency on target 'Yams-product' in project 'Yams'
    Target 'MarkdownCore' in project 'MarkdownCore'
        ➜ Explicit dependency on target 'Yams-product' in project 'Yams'
    Target 'Yams-product' in project 'Yams'
        ➜ Explicit dependency on target 'Yams' in project 'Yams'
        ➜ Explicit dependency on target 'CYaml' in project 'Yams'
    Target 'Yams' in project 'Yams'
        ➜ Explicit dependency on target 'CYaml' in project 'Yams'
    Target 'CYaml' in project 'Yams' (no dependencies)

GatherProvisioningInputs

CreateBuildDescription

ExecuteExternalTool /Applications/Xcode-beta.app/Contents/Developer/Toolchains/XcodeDefault.xctoolchain/usr/bin/clang -v -E -dM -arch arm64 -isysroot /Applications/Xcode-beta.app/Contents/Developer/Platforms/MacOSX.platform/Developer/SDKs/MacOSX27.0.sdk -x c -c /dev/null

ExecuteExternalTool /Applications/Xcode-beta.app/Contents/Developer/Toolchains/XcodeDefault.xctoolchain/usr/bin/swiftc --version

ExecuteExternalTool /Applications/Xcode-beta.app/Contents/Developer/Toolchains/XcodeDefault.xctoolchain/usr/bin/clang -v -E -dM -arch arm64 -isysroot /Applications/Xcode-beta.app/Contents/Developer/Platforms/MacOSX.platform/Developer/SDKs/MacOSX27.0.sdk -x objective-c -c /dev/null

ExecuteExternalTool /Applications/Xcode-beta.app/Contents/Developer/Toolchains/XcodeDefault.xctoolchain/usr/bin/clang -v -E -dM -isysroot /Applications/Xcode-beta.app/Contents/Developer/Platforms/MacOSX.platform/Developer/SDKs/MacOSX27.0.sdk -x c -c /dev/null

ExecuteExternalTool /Applications/Xcode-beta.app/Contents/Developer/usr/bin/actool --version --output-format xml1

ExecuteExternalTool /Applications/Xcode-beta.app/Contents/Developer/Toolchains/XcodeDefault.xctoolchain/usr/bin/ld -version_details

ExecuteExternalTool /Applications/Xcode-beta.app/Contents/Developer/Toolchains/XcodeDefault.xctoolchain/usr/bin/clang -v -E -dM -arch x86_64 -isysroot /Applications/Xcode-beta.app/Contents/Developer/Platforms/MacOSX.platform/Developer/SDKs/MacOSX27.0.sdk -x objective-c -c /dev/null

ExecuteExternalTool /Applications/Xcode-beta.app/Contents/Developer/Toolchains/XcodeDefault.xctoolchain/usr/bin/clang -v -E -dM -arch x86_64 -isysroot /Applications/Xcode-beta.app/Contents/Developer/Platforms/MacOSX.platform/Developer/SDKs/MacOSX27.0.sdk -x c -c /dev/null

ReadFileContents /Applications/Xcode-beta.app/Contents/Developer/Toolchains/XcodeDefault.xctoolchain/usr/share/docc/features.json

Build description signature: b6d9c867d8a735a3b84b4d4f571a5d79
Build description path: /tmp/plainsong-e9-build-7377cf4e51edb85d023986a8c33cabd3edff6a10/Release/Build/Intermediates.noindex/XCBuildData/b6d9c867d8a735a3b84b4d4f571a5d79.xcbuilddata
ClangStatCache /Applications/Xcode-beta.app/Contents/Developer/Toolchains/XcodeDefault.xctoolchain/usr/bin/clang-stat-cache /Applications/Xcode-beta.app/Contents/Developer/Platforms/MacOSX.platform/Developer/SDKs/MacOSX27.0.sdk /tmp/plainsong-e9-build-7377cf4e51edb85d023986a8c33cabd3edff6a10/Release/SDKStatCaches.noindex/macosx27.0-26A5353p-45874285e5972fffeae925c4ab065928.sdkstatcache
    cd /Users/davis._.su/Documents/plainsong-export-html-command/Plainsong.xcodeproj
    /Applications/Xcode-beta.app/Contents/Developer/Toolchains/XcodeDefault.xctoolchain/usr/bin/clang-stat-cache /Applications/Xcode-beta.app/Contents/Developer/Platforms/MacOSX.platform/Developer/SDKs/MacOSX27.0.sdk -o /tmp/plainsong-e9-build-7377cf4e51edb85d023986a8c33cabd3edff6a10/Release/SDKStatCaches.noindex/macosx27.0-26A5353p-45874285e5972fffeae925c4ab065928.sdkstatcache

ProcessInfoPlistFile /tmp/plainsong-e9-build-7377cf4e51edb85d023986a8c33cabd3edff6a10/Release/Build/Products/Release/TreeSitterMarkdown_TreeSitterMarkdown.bundle/Contents/Info.plist /tmp/plainsong-e9-build-7377cf4e51edb85d023986a8c33cabd3edff6a10/Release/Build/Intermediates.noindex/TreeSitterMarkdown.build/Release/TreeSitterMarkdown_TreeSitterMarkdown-b.build/empty-TreeSitterMarkdown_TreeSitterMarkdown.plist (in target 'TreeSitterMarkdown_TreeSitterMarkdown' from project 'TreeSitterMarkdown')
    cd /tmp/plainsong-e9-build-7377cf4e51edb85d023986a8c33cabd3edff6a10/Release/SourcePackages/checkouts/tree-sitter-markdown
    builtin-infoPlistUtility /tmp/plainsong-e9-build-7377cf4e51edb85d023986a8c33cabd3edff6a10/Release/Build/Intermediates.noindex/TreeSitterMarkdown.build/Release/TreeSitterMarkdown_TreeSitterMarkdown-b.build/empty-TreeSitterMarkdown_TreeSitterMarkdown.plist -producttype com.apple.product-type.bundle -expandbuildsettings -platform macosx -o /tmp/plainsong-e9-build-7377cf4e51edb85d023986a8c33cabd3edff6a10/Release/Build/Products/Release/TreeSitterMarkdown_TreeSitterMarkdown.bundle/Contents/Info.plist

ProcessInfoPlistFile /tmp/plainsong-e9-build-7377cf4e51edb85d023986a8c33cabd3edff6a10/Release/Build/Products/Release/TreeSitterMarkdown_TreeSitterMarkdownInline.bundle/Contents/Info.plist /tmp/plainsong-e9-build-7377cf4e51edb85d023986a8c33cabd3edff6a10/Release/Build/Intermediates.noindex/TreeSitterMarkdown.build/Release/TreeSitterMarkdown_TreeSitterMarkdownInline-b.build/empty-TreeSitterMarkdown_TreeSitterMarkdownInline.plist (in target 'TreeSitterMarkdown_TreeSitterMarkdownInline' from project 'TreeSitterMarkdown')
    cd /tmp/plainsong-e9-build-7377cf4e51edb85d023986a8c33cabd3edff6a10/Release/SourcePackages/checkouts/tree-sitter-markdown
    builtin-infoPlistUtility /tmp/plainsong-e9-build-7377cf4e51edb85d023986a8c33cabd3edff6a10/Release/Build/Intermediates.noindex/TreeSitterMarkdown.build/Release/TreeSitterMarkdown_TreeSitterMarkdownInline-b.build/empty-TreeSitterMarkdown_TreeSitterMarkdownInline.plist -producttype com.apple.product-type.bundle -expandbuildsettings -platform macosx -o /tmp/plainsong-e9-build-7377cf4e51edb85d023986a8c33cabd3edff6a10/Release/Build/Products/Release/TreeSitterMarkdown_TreeSitterMarkdownInline.bundle/Contents/Info.plist

SwiftDriver PerformanceTests normal arm64 com.apple.xcode.tools.swift.compiler (in target 'PerformanceTests' from project 'Plainsong')
    cd /Users/davis._.su/Documents/plainsong-export-html-command
    builtin-SwiftDriver -- /Applications/Xcode-beta.app/Contents/Developer/Toolchains/XcodeDefault.xctoolchain/usr/bin/swiftc -module-name PerformanceTests -O -whole-module-optimization @/tmp/plainsong-e9-build-7377cf4e51edb85d023986a8c33cabd3edff6a10/Release/Build/Intermediates.noindex/Plainsong.build/Release/PerformanceTests.build/Objects-normal/arm64/PerformanceTests.SwiftFileList -Xcc -fmodule-map-file\=/tmp/plainsong-e9-build-7377cf4e51edb85d023986a8c33cabd3edff6a10/Release/SourcePackages/checkouts/Yams/Sources/CYaml/include/module.modulemap -Xcc -fmodule-map-file\=/tmp/plainsong-e9-build-7377cf4e51edb85d023986a8c33cabd3edff6a10/Release/SourcePackages/checkouts/STTextView/Sources/STObjCLandShim/include/module.modulemap -Xcc -fmodule-map-file\=/tmp/plainsong-e9-build-7377cf4e51edb85d023986a8c33cabd3edff6a10/Release/Build/Intermediates.noindex/GeneratedModuleMaps/TreeSitter.modulemap -Xcc -fmodule-map-file\=/tmp/plainsong-e9-build-7377cf4e51edb85d023986a8c33cabd3edff6a10/Release/Build/Intermediates.noindex/GeneratedModuleMaps/TreeSitterMarkdownInline.modulemap -Xcc -fmodule-map-file\=/tmp/plainsong-e9-build-7377cf4e51edb85d023986a8c33cabd3edff6a10/Release/Build/Intermediates.noindex/GeneratedModuleMaps/TreeSitterMarkdown.modulemap -Xcc -fmodule-map-file\=/tmp/plainsong-e9-build-7377cf4e51edb85d023986a8c33cabd3edff6a10/Release/Build/Intermediates.noindex/GeneratedModuleMaps/TreeSitterYAMLFixed.modulemap -Xcc -fmodule-map-file\=/tmp/plainsong-e9-build-7377cf4e51edb85d023986a8c33cabd3edff6a10/Release/Build/Intermediates.noindex/GeneratedModuleMaps/TreeSitterTSXFixed.modulemap -plugin-path /Applications/Xcode-beta.app/Contents/Developer/Toolchains/XcodeDefault.xctoolchain/usr/lib/swift/host/plugins/testing -enable-upcoming-feature StrictConcurrency -enable-bare-slash-regex -enable-experimental-feature DebugDescriptionMacro -sdk /Applications/Xcode-beta.app/Contents/Developer/Platforms/MacOSX.platform/Developer/SDKs/MacOSX27.0.sdk -target arm64-apple-macos14.0 -g -module-cache-path /tmp/plainsong-e9-build-7377cf4e51edb85d023986a8c33cabd3edff6a10/Release/ModuleCache.noindex -Xfrontend -serialize-debugging-options -enable-testing -swift-version 5 -I /tmp/plainsong-e9-build-7377cf4e51edb85d023986a8c33cabd3edff6a10/Release/Build/Products/Release -Isystem /Applications/Xcode-beta.app/Contents/Developer/Platforms/MacOSX.platform/Developer/usr/lib -F /tmp/plainsong-e9-build-7377cf4e51edb85d023986a8c33cabd3edff6a10/Release/Build/Products/Release/PackageFrameworks -F /tmp/plainsong-e9-build-7377cf4e51edb85d023986a8c33cabd3edff6a10/Release/Build/Products/Release -F /Applications/Xcode-beta.app/Contents/Developer/Platforms/MacOSX.platform/Developer/Library/Frameworks -c -num-threads 8 -Xcc -ivfsstatcache -Xcc /tmp/plainsong-e9-build-7377cf4e51edb85d023986a8c33cabd3edff6a10/Release/SDKStatCaches.noindex/macosx27.0-26A5353p-45874285e5972fffeae925c4ab065928.sdkstatcache -output-file-map /tmp/plainsong-e9-build-7377cf4e51edb85d023986a8c33cabd3edff6a10/Release/Build/Intermediates.noindex/Plainsong.build/Release/PerformanceTests.build/Objects-normal/arm64/PerformanceTests-OutputFileMap.json -save-temps -no-color-diagnostics -explicit-module-build -module-cache-path /tmp/plainsong-e9-build-7377cf4e51edb85d023986a8c33cabd3edff6a10/Release/Build/Intermediates.noindex/SwiftExplicitPrecompiledModules -clang-scanner-module-cache-path /tmp/plainsong-e9-build-7377cf4e51edb85d023986a8c33cabd3edff6a10/Release/ModuleCache.noindex -sdk-module-cache-path /tmp/plainsong-e9-build-7377cf4e51edb85d023986a8c33cabd3edff6a10/Release/ModuleCache.noindex -emit-dependencies -emit-module -emit-module-path /tmp/plainsong-e9-build-7377cf4e51edb85d023986a8c33cabd3edff6a10/Release/Build/Intermediates.noindex/Plainsong.build/Release/PerformanceTests.build/Objects-normal/arm64/PerformanceTests.swiftmodule -serialize-diagnostics -dependency-scan-serialize-diagnostics-path /tmp/plainsong-e9-build-7377cf4e51edb85d023986a8c33cabd3edff6a10/Release/Build/Intermediates.noindex/Plainsong.build/Release/PerformanceTests.build/Objects-normal/arm64/PerformanceTests-dependency-scan.dia -validate-clang-modules-once -clang-build-session-file /tmp/plainsong-e9-build-7377cf4e51edb85d023986a8c33cabd3edff6a10/Release/ModuleCache.noindex/Session.modulevalidation -Xcc -fmodules-prune-interval\=86400 -Xcc -fmodules-prune-after\=345600 -emit-const-values -const-gather-protocols-list /tmp/plainsong-e9-build-7377cf4e51edb85d023986a8c33cabd3edff6a10/Release/Build/Intermediates.noindex/Plainsong.build/Release/PerformanceTests.build/Objects-normal/arm64/PerformanceTests_const_extract_protocols.json -Xcc -iquote -Xcc /tmp/plainsong-e9-build-7377cf4e51edb85d023986a8c33cabd3edff6a10/Release/Build/Intermediates.noindex/Plainsong.build/Release/PerformanceTests.build/PerformanceTests-generated-files.hmap -Xcc -I/tmp/plainsong-e9-build-7377cf4e51edb85d023986a8c33cabd3edff6a10/Release/Build/Intermediates.noindex/Plainsong.build/Release/PerformanceTests.build/PerformanceTests-own-target-headers.hmap -Xcc -I/tmp/plainsong-e9-build-7377cf4e51edb85d023986a8c33cabd3edff6a10/Release/Build/Intermediates.noindex/Plainsong.build/Release/PerformanceTests.build/PerformanceTests-all-non-framework-target-headers.hmap -Xcc -ivfsoverlay -Xcc /tmp/plainsong-e9-build-7377cf4e51edb85d023986a8c33cabd3edff6a10/Release/Build/Intermediates.noindex/Plainsong.build/Release/Plainsong-b2908d68c0a4bf5a1fc0d177a3ade17b-VFS/all-product-headers.yaml -Xcc -iquote -Xcc /tmp/plainsong-e9-build-7377cf4e51edb85d023986a8c33cabd3edff6a10/Release/Build/Intermediates.noindex/Plainsong.build/Release/PerformanceTests.build/PerformanceTests-project-headers.hmap -Xcc -I/tmp/plainsong-e9-build-7377cf4e51edb85d023986a8c33cabd3edff6a10/Release/SourcePackages/checkouts/Yams/Sources/CYaml/include -Xcc -I/tmp/plainsong-e9-build-7377cf4e51edb85d023986a8c33cabd3edff6a10/Release/SourcePackages/checkouts/STTextView/Sources/STObjCLandShim/include -Xcc -I/tmp/plainsong-e9-build-7377cf4e51edb85d023986a8c33cabd3edff6a10/Release/SourcePackages/checkouts/tree-sitter/lib/include -Xcc -I/tmp/plainsong-e9-build-7377cf4e51edb85d023986a8c33cabd3edff6a10/Release/SourcePackages/checkouts/tree-sitter-markdown/tree-sitter-markdown-inline/bindings/swift -Xcc -I/tmp/plainsong-e9-build-7377cf4e51edb85d023986a8c33cabd3edff6a10/Release/SourcePackages/checkouts/tree-sitter-markdown/tree-sitter-markdown/bindings/swift -Xcc -I/Users/davis._.su/Documents/plainsong-export-html-command/Packages/EditorKit/Sources/TreeSitterYAMLFixed/include -Xcc -I/Users/davis._.su/Documents/plainsong-export-html-command/Packages/EditorKit/Sources/TreeSitterTSXFixed/include -Xcc -I/tmp/plainsong-e9-build-7377cf4e51edb85d023986a8c33cabd3edff6a10/Release/Build/Products/Release/include -Xcc -I/tmp/plainsong-e9-build-7377cf4e51edb85d023986a8c33cabd3edff6a10/Release/Build/Intermediates.noindex/Plainsong.build/Release/PerformanceTests.build/DerivedSources-normal/arm64 -Xcc -I/tmp/plainsong-e9-build-7377cf4e51edb85d023986a8c33cabd3edff6a10/Release/Build/Intermediates.noindex/Plainsong.build/Release/PerformanceTests.build/DerivedSources/arm64 -Xcc -I/tmp/plainsong-e9-build-7377cf4e51edb85d023986a8c33cabd3edff6a10/Release/Build/Intermediates.noindex/Plainsong.build/Release/PerformanceTests.build/DerivedSources -emit-objc-header -emit-objc-header-path /tmp/plainsong-e9-build-7377cf4e51edb85d023986a8c33cabd3edff6a10/Release/Build/Intermediates.noindex/Plainsong.build/Release/PerformanceTests.build/Objects-normal/arm64/PerformanceTests-Swift.h -working-directory /Users/davis._.su/Documents/plainsong-export-html-command -no-emit-module-separately-wmo

SwiftDriver PerformanceTests normal x86_64 com.apple.xcode.tools.swift.compiler (in target 'PerformanceTests' from project 'Plainsong')
    cd /Users/davis._.su/Documents/plainsong-export-html-command
    builtin-SwiftDriver -- /Applications/Xcode-beta.app/Contents/Developer/Toolchains/XcodeDefault.xctoolchain/usr/bin/swiftc -module-name PerformanceTests -O -whole-module-optimization @/tmp/plainsong-e9-build-7377cf4e51edb85d023986a8c33cabd3edff6a10/Release/Build/Intermediates.noindex/Plainsong.build/Release/PerformanceTests.build/Objects-normal/x86_64/PerformanceTests.SwiftFileList -Xcc -fmodule-map-file\=/tmp/plainsong-e9-build-7377cf4e51edb85d023986a8c33cabd3edff6a10/Release/SourcePackages/checkouts/Yams/Sources/CYaml/include/module.modulemap -Xcc -fmodule-map-file\=/tmp/plainsong-e9-build-7377cf4e51edb85d023986a8c33cabd3edff6a10/Release/SourcePackages/checkouts/STTextView/Sources/STObjCLandShim/include/module.modulemap -Xcc -fmodule-map-file\=/tmp/plainsong-e9-build-7377cf4e51edb85d023986a8c33cabd3edff6a10/Release/Build/Intermediates.noindex/GeneratedModuleMaps/TreeSitter.modulemap -Xcc -fmodule-map-file\=/tmp/plainsong-e9-build-7377cf4e51edb85d023986a8c33cabd3edff6a10/Release/Build/Intermediates.noindex/GeneratedModuleMaps/TreeSitterMarkdownInline.modulemap -Xcc -fmodule-map-file\=/tmp/plainsong-e9-build-7377cf4e51edb85d023986a8c33cabd3edff6a10/Release/Build/Intermediates.noindex/GeneratedModuleMaps/TreeSitterMarkdown.modulemap -Xcc -fmodule-map-file\=/tmp/plainsong-e9-build-7377cf4e51edb85d023986a8c33cabd3edff6a10/Release/Build/Intermediates.noindex/GeneratedModuleMaps/TreeSitterYAMLFixed.modulemap -Xcc -fmodule-map-file\=/tmp/plainsong-e9-build-7377cf4e51edb85d023986a8c33cabd3edff6a10/Release/Build/Intermediates.noindex/GeneratedModuleMaps/TreeSitterTSXFixed.modulemap -plugin-path /Applications/Xcode-beta.app/Contents/Developer/Toolchains/XcodeDefault.xctoolchain/usr/lib/swift/host/plugins/testing -enable-upcoming-feature StrictConcurrency -enable-bare-slash-regex -enable-experimental-feature DebugDescriptionMacro -sdk /Applications/Xcode-beta.app/Contents/Developer/Platforms/MacOSX.platform/Developer/SDKs/MacOSX27.0.sdk -target x86_64-apple-macos14.0 -g -module-cache-path /tmp/plainsong-e9-build-7377cf4e51edb85d023986a8c33cabd3edff6a10/Release/ModuleCache.noindex -Xfrontend -serialize-debugging-options -enable-testing -swift-version 5 -I /tmp/plainsong-e9-build-7377cf4e51edb85d023986a8c33cabd3edff6a10/Release/Build/Products/Release -Isystem /Applications/Xcode-beta.app/Contents/Developer/Platforms/MacOSX.platform/Developer/usr/lib -F /tmp/plainsong-e9-build-7377cf4e51edb85d023986a8c33cabd3edff6a10/Release/Build/Products/Release/PackageFrameworks -F /tmp/plainsong-e9-build-7377cf4e51edb85d023986a8c33cabd3edff6a10/Release/Build/Products/Release -F /Applications/Xcode-beta.app/Contents/Developer/Platforms/MacOSX.platform/Developer/Library/Frameworks -c -num-threads 8 -Xcc -ivfsstatcache -Xcc /tmp/plainsong-e9-build-7377cf4e51edb85d023986a8c33cabd3edff6a10/Release/SDKStatCaches.noindex/macosx27.0-26A5353p-45874285e5972fffeae925c4ab065928.sdkstatcache -output-file-map /tmp/plainsong-e9-build-7377cf4e51edb85d023986a8c33cabd3edff6a10/Release/Build/Intermediates.noindex/Plainsong.build/Release/PerformanceTests.build/Objects-normal/x86_64/PerformanceTests-OutputFileMap.json -save-temps -no-color-diagnostics -explicit-module-build -module-cache-path /tmp/plainsong-e9-build-7377cf4e51edb85d023986a8c33cabd3edff6a10/Release/Build/Intermediates.noindex/SwiftExplicitPrecompiledModules -clang-scanner-module-cache-path /tmp/plainsong-e9-build-7377cf4e51edb85d023986a8c33cabd3edff6a10/Release/ModuleCache.noindex -sdk-module-cache-path /tmp/plainsong-e9-build-7377cf4e51edb85d023986a8c33cabd3edff6a10/Release/ModuleCache.noindex -emit-dependencies -emit-module -emit-module-path /tmp/plainsong-e9-build-7377cf4e51edb85d023986a8c33cabd3edff6a10/Release/Build/Intermediates.noindex/Plainsong.build/Release/PerformanceTests.build/Objects-normal/x86_64/PerformanceTests.swiftmodule -serialize-diagnostics -dependency-scan-serialize-diagnostics-path /tmp/plainsong-e9-build-7377cf4e51edb85d023986a8c33cabd3edff6a10/Release/Build/Intermediates.noindex/Plainsong.build/Release/PerformanceTests.build/Objects-normal/x86_64/PerformanceTests-dependency-scan.dia -validate-clang-modules-once -clang-build-session-file /tmp/plainsong-e9-build-7377cf4e51edb85d023986a8c33cabd3edff6a10/Release/ModuleCache.noindex/Session.modulevalidation -Xcc -fmodules-prune-interval\=86400 -Xcc -fmodules-prune-after\=345600 -emit-const-values -const-gather-protocols-list /tmp/plainsong-e9-build-7377cf4e51edb85d023986a8c33cabd3edff6a10/Release/Build/Intermediates.noindex/Plainsong.build/Release/PerformanceTests.build/Objects-normal/x86_64/PerformanceTests_const_extract_protocols.json -Xcc -iquote -Xcc /tmp/plainsong-e9-build-7377cf4e51edb85d023986a8c33cabd3edff6a10/Release/Build/Intermediates.noindex/Plainsong.build/Release/PerformanceTests.build/PerformanceTests-generated-files.hmap -Xcc -I/tmp/plainsong-e9-build-7377cf4e51edb85d023986a8c33cabd3edff6a10/Release/Build/Intermediates.noindex/Plainsong.build/Release/PerformanceTests.build/PerformanceTests-own-target-headers.hmap -Xcc -I/tmp/plainsong-e9-build-7377cf4e51edb85d023986a8c33cabd3edff6a10/Release/Build/Intermediates.noindex/Plainsong.build/Release/PerformanceTests.build/PerformanceTests-all-non-framework-target-headers.hmap -Xcc -ivfsoverlay -Xcc /tmp/plainsong-e9-build-7377cf4e51edb85d023986a8c33cabd3edff6a10/Release/Build/Intermediates.noindex/Plainsong.build/Release/Plainsong-b2908d68c0a4bf5a1fc0d177a3ade17b-VFS/all-product-headers.yaml -Xcc -iquote -Xcc /tmp/plainsong-e9-build-7377cf4e51edb85d023986a8c33cabd3edff6a10/Release/Build/Intermediates.noindex/Plainsong.build/Release/PerformanceTests.build/PerformanceTests-project-headers.hmap -Xcc -I/tmp/plainsong-e9-build-7377cf4e51edb85d023986a8c33cabd3edff6a10/Release/SourcePackages/checkouts/Yams/Sources/CYaml/include -Xcc -I/tmp/plainsong-e9-build-7377cf4e51edb85d023986a8c33cabd3edff6a10/Release/SourcePackages/checkouts/STTextView/Sources/STObjCLandShim/include -Xcc -I/tmp/plainsong-e9-build-7377cf4e51edb85d023986a8c33cabd3edff6a10/Release/SourcePackages/checkouts/tree-sitter/lib/include -Xcc -I/tmp/plainsong-e9-build-7377cf4e51edb85d023986a8c33cabd3edff6a10/Release/SourcePackages/checkouts/tree-sitter-markdown/tree-sitter-markdown-inline/bindings/swift -Xcc -I/tmp/plainsong-e9-build-7377cf4e51edb85d023986a8c33cabd3edff6a10/Release/SourcePackages/checkouts/tree-sitter-markdown/tree-sitter-markdown/bindings/swift -Xcc -I/Users/davis._.su/Documents/plainsong-export-html-command/Packages/EditorKit/Sources/TreeSitterYAMLFixed/include -Xcc -I/Users/davis._.su/Documents/plainsong-export-html-command/Packages/EditorKit/Sources/TreeSitterTSXFixed/include -Xcc -I/tmp/plainsong-e9-build-7377cf4e51edb85d023986a8c33cabd3edff6a10/Release/Build/Products/Release/include -Xcc -I/tmp/plainsong-e9-build-7377cf4e51edb85d023986a8c33cabd3edff6a10/Release/Build/Intermediates.noindex/Plainsong.build/Release/PerformanceTests.build/DerivedSources-normal/x86_64 -Xcc -I/tmp/plainsong-e9-build-7377cf4e51edb85d023986a8c33cabd3edff6a10/Release/Build/Intermediates.noindex/Plainsong.build/Release/PerformanceTests.build/DerivedSources/x86_64 -Xcc -I/tmp/plainsong-e9-build-7377cf4e51edb85d023986a8c33cabd3edff6a10/Release/Build/Intermediates.noindex/Plainsong.build/Release/PerformanceTests.build/DerivedSources -emit-objc-header -emit-objc-header-path /tmp/plainsong-e9-build-7377cf4e51edb85d023986a8c33cabd3edff6a10/Release/Build/Intermediates.noindex/Plainsong.build/Release/PerformanceTests.build/Objects-normal/x86_64/PerformanceTests-Swift.h -working-directory /Users/davis._.su/Documents/plainsong-export-html-command -no-emit-module-separately-wmo

ProcessInfoPlistFile /tmp/plainsong-e9-build-7377cf4e51edb85d023986a8c33cabd3edff6a10/Release/Build/Products/Release/Plainsong.app/Contents/Info.plist /Users/davis._.su/Documents/plainsong-export-html-command/App/Info.plist (in target 'Plainsong' from project 'Plainsong')
    cd /Users/davis._.su/Documents/plainsong-export-html-command
    builtin-infoPlistUtility /Users/davis._.su/Documents/plainsong-export-html-command/App/Info.plist -producttype com.apple.product-type.application -genpkginfo /tmp/plainsong-e9-build-7377cf4e51edb85d023986a8c33cabd3edff6a10/Release/Build/Products/Release/Plainsong.app/Contents/PkgInfo -expandbuildsettings -platform macosx -additionalcontentfile /tmp/plainsong-e9-build-7377cf4e51edb85d023986a8c33cabd3edff6a10/Release/Build/Intermediates.noindex/Plainsong.build/Release/Plainsong.build/assetcatalog_generated_info.plist -scanforprivacyfile /tmp/plainsong-e9-build-7377cf4e51edb85d023986a8c33cabd3edff6a10/Release/Build/Products/Release/Plainsong.app/Contents/Resources/TreeSitterMarkdown_TreeSitterMarkdown.bundle -scanforprivacyfile /tmp/plainsong-e9-build-7377cf4e51edb85d023986a8c33cabd3edff6a10/Release/Build/Products/Release/Plainsong.app/Contents/Resources/TreeSitterMarkdown_TreeSitterMarkdownInline.bundle -o /tmp/plainsong-e9-build-7377cf4e51edb85d023986a8c33cabd3edff6a10/Release/Build/Products/Release/Plainsong.app/Contents/Info.plist

ProcessInfoPlistFile /tmp/plainsong-e9-build-7377cf4e51edb85d023986a8c33cabd3edff6a10/Release/Build/Products/Release/Plainsong.app/Contents/PlugIns/PerformanceTests.xctest/Contents/Info.plist /tmp/plainsong-e9-build-7377cf4e51edb85d023986a8c33cabd3edff6a10/Release/Build/Intermediates.noindex/Plainsong.build/Release/PerformanceTests.build/empty-PerformanceTests.plist (in target 'PerformanceTests' from project 'Plainsong')
    cd /Users/davis._.su/Documents/plainsong-export-html-command
    builtin-infoPlistUtility /tmp/plainsong-e9-build-7377cf4e51edb85d023986a8c33cabd3edff6a10/Release/Build/Intermediates.noindex/Plainsong.build/Release/PerformanceTests.build/empty-PerformanceTests.plist -producttype com.apple.product-type.bundle.unit-test -expandbuildsettings -platform macosx -scanforprivacyfile /tmp/plainsong-e9-build-7377cf4e51edb85d023986a8c33cabd3edff6a10/Release/Build/Products/Release/Plainsong.app/Contents/PlugIns/PerformanceTests.xctest/Contents/Resources/TreeSitterMarkdown_TreeSitterMarkdown.bundle -scanforprivacyfile /tmp/plainsong-e9-build-7377cf4e51edb85d023986a8c33cabd3edff6a10/Release/Build/Products/Release/Plainsong.app/Contents/PlugIns/PerformanceTests.xctest/Contents/Resources/TreeSitterMarkdown_TreeSitterMarkdownInline.bundle -o /tmp/plainsong-e9-build-7377cf4e51edb85d023986a8c33cabd3edff6a10/Release/Build/Products/Release/Plainsong.app/Contents/PlugIns/PerformanceTests.xctest/Contents/Info.plist

SwiftCompile normal arm64 Compiling\ AppBackedEditorPerformanceTestSupport.swift,\ AppBackedEditorPerformanceTests+Export.swift,\ AppBackedEditorPerformanceTests.swift,\ EditorFindPerformanceSupport.swift,\ EditorFindPerformanceTests.swift,\ EditorFindProductionHostPerformanceProbe.swift,\ EditorFindProductionHostSupport.swift,\ ExportHTMLPerformanceTests.swift,\ PerformanceBudgetTests.swift,\ WorkspaceSearchCancellationPerformanceTests.swift,\ WorkspaceSearchCeilingPerformanceTests.swift,\ WorkspaceSearchPerformanceAssertions.swift,\ WorkspaceSearchPerformanceBlockingReader.swift,\ WorkspaceSearchPerformanceFixtures.swift,\ WorkspaceSearchPerformanceIgnoreFixtures.swift,\ WorkspaceSearchPerformanceSupport.swift,\ WorkspaceSearchPerformanceTests.swift,\ WorkspaceSearchPerformanceWarmUp.swift,\ WorkspaceSearchReadBoundsPerformanceTests.swift,\ WorkspaceSearchSmartCasePerformanceTests.swift /Users/davis._.su/Documents/plainsong-export-html-command/PerformanceTests/AppBackedEditorPerformanceTestSupport.swift /Users/davis._.su/Documents/plainsong-export-html-command/PerformanceTests/AppBackedEditorPerformanceTests+Export.swift /Users/davis._.su/Documents/plainsong-export-html-command/PerformanceTests/AppBackedEditorPerformanceTests.swift /Users/davis._.su/Documents/plainsong-export-html-command/PerformanceTests/EditorFindPerformanceSupport.swift /Users/davis._.su/Documents/plainsong-export-html-command/PerformanceTests/EditorFindPerformanceTests.swift /Users/davis._.su/Documents/plainsong-export-html-command/PerformanceTests/EditorFindProductionHostPerformanceProbe.swift /Users/davis._.su/Documents/plainsong-export-html-command/PerformanceTests/EditorFindProductionHostSupport.swift /Users/davis._.su/Documents/plainsong-export-html-command/PerformanceTests/ExportHTMLPerformanceTests.swift /Users/davis._.su/Documents/plainsong-export-html-command/PerformanceTests/PerformanceBudgetTests.swift /Users/davis._.su/Documents/plainsong-export-html-command/PerformanceTests/WorkspaceSearchCancellationPerformanceTests.swift /Users/davis._.su/Documents/plainsong-export-html-command/PerformanceTests/WorkspaceSearchCeilingPerformanceTests.swift /Users/davis._.su/Documents/plainsong-export-html-command/PerformanceTests/WorkspaceSearchPerformanceAssertions.swift /Users/davis._.su/Documents/plainsong-export-html-command/PerformanceTests/WorkspaceSearchPerformanceBlockingReader.swift /Users/davis._.su/Documents/plainsong-export-html-command/PerformanceTests/WorkspaceSearchPerformanceFixtures.swift /Users/davis._.su/Documents/plainsong-export-html-command/PerformanceTests/WorkspaceSearchPerformanceIgnoreFixtures.swift /Users/davis._.su/Documents/plainsong-export-html-command/PerformanceTests/WorkspaceSearchPerformanceSupport.swift /Users/davis._.su/Documents/plainsong-export-html-command/PerformanceTests/WorkspaceSearchPerformanceTests.swift /Users/davis._.su/Documents/plainsong-export-html-command/PerformanceTests/WorkspaceSearchPerformanceWarmUp.swift /Users/davis._.su/Documents/plainsong-export-html-command/PerformanceTests/WorkspaceSearchReadBoundsPerformanceTests.swift /Users/davis._.su/Documents/plainsong-export-html-command/PerformanceTests/WorkspaceSearchSmartCasePerformanceTests.swift /Applications/Xcode-beta.app/Contents/Developer/Toolchains/XcodeDefault.xctoolchain/usr/lib/swift/macosx/prebuilt-modules/27.0/AudioToolbox.swiftmodule/arm64e-apple-macos.swiftmodule /Applications/Xcode-beta.app/Contents/Developer/Toolchains/XcodeDefault.xctoolchain/usr/lib/swift/macosx/prebuilt-modules/27.0/CoreText.swiftmodule/arm64e-apple-macos.swiftmodule /tmp/plainsong-e9-build-7377cf4e51edb85d023986a8c33cabd3edff6a10/Release/Build/Intermediates.noindex/SwiftExplicitPrecompiledModules/XCTest-25OAJXM84Z0YK.swiftmodule /Applications/Xcode-beta.app/Contents/Developer/Toolchains/XcodeDefault.xctoolchain/usr/lib/swift/macosx/prebuilt-modules/27.0/Dispatch.swiftmodule/arm64e-apple-macos.swiftmodule /tmp/plainsong-e9-build-7377cf4e51edb85d023986a8c33cabd3edff6a10/Release/Build/Products/Release/STTextKitPlus.swiftmodule/arm64-apple-macos.swiftmodule /tmp/plainsong-e9-build-7377cf4e51edb85d023986a8c33cabd3edff6a10/Release/Build/Products/Release/PreviewKit.swiftmodule/arm64-apple-macos.swiftmodule /tmp/plainsong-e9-build-7377cf4e51edb85d023986a8c33cabd3edff6a10/Release/Build/Products/Release/Yams.swiftmodule/arm64-apple-macos.swiftmodule /Applications/Xcode-beta.app/Contents/Developer/Toolchains/XcodeDefault.xctoolchain/usr/lib/swift/macosx/prebuilt-modules/27.0/CoreImage.swiftmodule/arm64e-apple-macos.swiftmodule /Applications/Xcode-beta.app/Contents/Developer/Toolchains/XcodeDefault.xctoolchain/usr/lib/swift/macosx/prebuilt-modules/27.0/IOKit.swiftmodule/arm64e-apple-macos.swiftmodule /tmp/plainsong-e9-build-7377cf4e51edb85d023986a8c33cabd3edff6a10/Release/Build/Products/Release/MarkdownCore.swiftmodule/arm64-apple-macos.swiftmodule /Applications/Xcode-beta.app/Contents/Developer/Toolchains/XcodeDefault.xctoolchain/usr/lib/swift/macosx/prebuilt-modules/27.0/Spatial.swiftmodule/arm64e-apple-macos.swiftmodule /Applications/Xcode-beta.app/Contents/Developer/Toolchains/XcodeDefault.xctoolchain/usr/lib/swift/macosx/prebuilt-modules/27.0/ImageIO.swiftmodule/arm64e-apple-macos.swiftmodule /Applications/Xcode-beta.app/Contents/Developer/Toolchains/XcodeDefault.xctoolchain/usr/lib/swift/macosx/prebuilt-modules/27.0/CoreTransferable.swiftmodule/arm64e-apple-macos.swiftmodule /Applications/Xcode-beta.app/Contents/Developer/Toolchains/XcodeDefault.xctoolchain/usr/lib/swift/macosx/prebuilt-modules/27.0/Network.swiftmodule/arm64e-apple-macos.swiftmodule /Applications/Xcode-beta.app/Contents/Developer/Toolchains/XcodeDefault.xctoolchain/usr/lib/swift/macosx/prebuilt-modules/27.0/MediaToolbox.swiftmodule/arm64e-apple-macos.swiftmodule /Applications/Xcode-beta.app/Contents/Developer/Toolchains/XcodeDefault.xctoolchain/usr/lib/swift/macosx/prebuilt-modules/27.0/System.swiftmodule/arm64e-apple-macos.swiftmodule /Applications/Xcode-beta.app/Contents/Developer/Toolchains/XcodeDefault.xctoolchain/usr/lib/swift/macosx/prebuilt-modules/27.0/SwiftUICore.swiftmodule/arm64e-apple-macos.swiftmodule /tmp/plainsong-e9-build-7377cf4e51edb85d023986a8c33cabd3edff6a10/Release/Build/Products/Release/STTextViewCommon.swiftmodule/arm64-apple-macos.swiftmodule /Applications/Xcode-beta.app/Contents/Developer/Toolchains/XcodeDefault.xctoolchain/usr/lib/swift/macosx/prebuilt-modules/27.0/CryptoKit.swiftmodule/arm64e-apple-macos.swiftmodule /Applications/Xcode-beta.app/Contents/Developer/Toolchains/XcodeDefault.xctoolchain/usr/lib/swift/macosx/prebuilt-modules/27.0/XPC.swiftmodule/arm64e-apple-macos.swiftmodule /Applications/Xcode-beta.app/Contents/Developer/Toolchains/XcodeDefault.xctoolchain/usr/lib/swift/macosx/prebuilt-modules/27.0/QuartzCore.swiftmodule/arm64e-apple-macos.swiftmodule /Applications/Xcode-beta.app/Contents/Developer/Toolchains/XcodeDefault.xctoolchain/usr/lib/swift/macosx/prebuilt-modules/27.0/ObjectiveC.swiftmodule/arm64e-apple-macos.swiftmodule /Applications/Xcode-beta.app/Contents/Developer/Toolchains/XcodeDefault.xctoolchain/usr/lib/swift/macosx/prebuilt-modules/27.0/simd.swiftmodule/arm64e-apple-macos.swiftmodule /Applications/Xcode-beta.app/Contents/Developer/Toolchains/XcodeDefault.xctoolchain/usr/lib/swift/macosx/prebuilt-modules/27.0/VideoToolbox.swiftmodule/arm64e-apple-macos.swiftmodule /Applications/Xcode-beta.app/Contents/Developer/Toolchains/XcodeDefault.xctoolchain/usr/lib/swift/macosx/prebuilt-modules/27.0/UniformTypeIdentifiers.swiftmodule/arm64e-apple-macos.swiftmodule /Applications/Xcode-beta.app/Contents/Developer/Toolchains/XcodeDefault.xctoolchain/usr/lib/swift/macosx/prebuilt-modules/27.0/LocalAuthentication.swiftmodule/arm64e-apple-macos.swiftmodule /Applications/Xcode-beta.app/Contents/Developer/Toolchains/XcodeDefault.xctoolchain/usr/lib/swift/macosx/prebuilt-modules/27.0/_Builtin_float.swiftmodule/arm64e-apple-macos.swiftmodule /Applications/Xcode-beta.app/Contents/Developer/Toolchains/XcodeDefault.xctoolchain/usr/lib/swift/macosx/prebuilt-modules/27.0/DeveloperToolsSupport.swiftmodule/arm64e-apple-macos.swiftmodule /tmp/plainsong-e9-build-7377cf4e51edb85d023986a8c33cabd3edff6a10/Release/Build/Products/Release/STTextView.swiftmodule/arm64-apple-macos.swiftmodule /Applications/Xcode-beta.app/Contents/Developer/Toolchains/XcodeDefault.xctoolchain/usr/lib/swift/macosx/prebuilt-modules/27.0/CoreMIDI.swiftmodule/arm64e-apple-macos.swiftmodule /Applications/Xcode-beta.app/Contents/Developer/Toolchains/XcodeDefault.xctoolchain/usr/lib/swift/macosx/prebuilt-modules/27.0/DataDetection.swiftmodule/arm64e-apple-macos.swiftmodule /Applications/Xcode-beta.app/Contents/Developer/Toolchains/XcodeDefault.xctoolchain/usr/lib/swift/macosx/prebuilt-modules/27.0/Foundation.swiftmodule/arm64e-apple-macos.swiftmodule /Applications/Xcode-beta.app/Contents/Developer/Toolchains/XcodeDefault.xctoolchain/usr/lib/swift/macosx/prebuilt-modules/27.0/os.swiftmodule/arm64e-apple-macos.swiftmodule /Applications/Xcode-beta.app/Contents/Developer/Toolchains/XcodeDefault.xctoolchain/usr/lib/swift/macosx/prebuilt-modules/27.0/CoreAudio.swiftmodule/arm64e-apple-macos.swiftmodule /Applications/Xcode-beta.app/Contents/Developer/Toolchains/XcodeDefault.xctoolchain/usr/lib/swift/macosx/prebuilt-modules/27.0/Synchronization.swiftmodule/arm64e-apple-macos.swiftmodule /Applications/Xcode-beta.app/Contents/Developer/Toolchains/XcodeDefault.xctoolchain/usr/lib/swift/macosx/prebuilt-modules/27.0/_Concurrency.swiftmodule/arm64e-apple-macos.swiftmodule /Applications/Xcode-beta.app/Contents/Developer/Toolchains/XcodeDefault.xctoolchain/usr/lib/swift/macosx/prebuilt-modules/27.0/CoreFoundation.swiftmodule/arm64e-apple-macos.swiftmodule /Applications/Xcode-beta.app/Contents/Developer/Toolchains/XcodeDefault.xctoolchain/usr/lib/swift/macosx/prebuilt-modules/27.0/CoreGraphics.swiftmodule/arm64e-apple-macos.swiftmodule /Applications/Xcode-beta.app/Contents/Developer/Toolchains/XcodeDefault.xctoolchain/usr/lib/swift/macosx/prebuilt-modules/27.0/CoreVideo.swiftmodule/arm64e-apple-macos.swiftmodule /Applications/Xcode-beta.app/Contents/Developer/Toolchains/XcodeDefault.xctoolchain/usr/lib/swift/macosx/prebuilt-modules/27.0/Symbols.swiftmodule/arm64e-apple-macos.swiftmodule /tmp/plainsong-e9-build-7377cf4e51edb85d023986a8c33cabd3edff6a10/Release/Build/Products/Release/SwiftTreeSitter.swiftmodule/arm64-apple-macos.swiftmodule /tmp/plainsong-e9-build-7377cf4e51edb85d023986a8c33cabd3edff6a10/Release/Build/Intermediates.noindex/SwiftExplicitPrecompiledModules/XCUIAutomation-2T2MVE36CWWMU.swiftmodule /Applications/Xcode-beta.app/Contents/Developer/Toolchains/XcodeDefault.xctoolchain/usr/lib/swift/macosx/prebuilt-modules/27.0/Darwin.swiftmodule/arm64e-apple-macos.swiftmodule /Applications/Xcode-beta.app/Contents/Developer/Toolchains/XcodeDefault.xctoolchain/usr/lib/swift/macosx/prebuilt-modules/27.0/_StringProcessing.swiftmodule/arm64e-apple-macos.swiftmodule /tmp/plainsong-e9-build-7377cf4e51edb85d023986a8c33cabd3edff6a10/Release/Build/Products/Release/EditorKit.swiftmodule/arm64-apple-macos.swiftmodule /Applications/Xcode-beta.app/Contents/Developer/Toolchains/XcodeDefault.xctoolchain/usr/lib/swift/macosx/prebuilt-modules/27.0/SwiftUI.swiftmodule/arm64e-apple-macos.swiftmodule /Applications/Xcode-beta.app/Contents/Developer/Toolchains/XcodeDefault.xctoolchain/usr/lib/swift/macosx/prebuilt-modules/27.0/Combine.swiftmodule/arm64e-apple-macos.swiftmodule /tmp/plainsong-e9-build-7377cf4e51edb85d023986a8c33cabd3edff6a10/Release/Build/Products/Release/WorkspaceKit.swiftmodule/arm64-apple-macos.swiftmodule /Applications/Xcode-beta.app/Contents/Developer/Toolchains/XcodeDefault.xctoolchain/usr/lib/swift/macosx/prebuilt-modules/27.0/Metal.swiftmodule/arm64e-apple-macos.swiftmodule /Applications/Xcode-beta.app/Contents/Developer/Toolchains/XcodeDefault.xctoolchain/usr/lib/swift/macosx/prebuilt-modules/27.0/AppKit.swiftmodule/arm64e-apple-macos.swiftmodule /tmp/plainsong-e9-build-7377cf4e51edb85d023986a8c33cabd3edff6a10/Release/Build/Products/Release/Plainsong.swiftmodule/arm64-apple-macos.swiftmodule /Applications/Xcode-beta.app/Contents/Developer/Toolchains/XcodeDefault.xctoolchain/usr/lib/swift/macosx/prebuilt-modules/27.0/AVFoundation.swiftmodule/arm64e-apple-macos.swiftmodule /Applications/Xcode-beta.app/Contents/Developer/Toolchains/XcodeDefault.xctoolchain/usr/lib/swift/macosx/prebuilt-modules/27.0/Distributed.swiftmodule/arm64e-apple-macos.swiftmodule /Applications/Xcode-beta.app/Contents/Developer/Toolchains/XcodeDefault.xctoolchain/usr/lib/swift/macosx/prebuilt-modules/27.0/_DarwinFoundation2.swiftmodule/arm64e-apple-macos.swiftmodule /Applications/Xcode-beta.app/Contents/Developer/Toolchains/XcodeDefault.xctoolchain/usr/lib/swift/macosx/prebuilt-modules/27.0/_DarwinFoundation1.swiftmodule/arm64e-apple-macos.swiftmodule /Applications/Xcode-beta.app/Contents/Developer/Toolchains/XcodeDefault.xctoolchain/usr/lib/swift/macosx/prebuilt-modules/27.0/CoreData.swiftmodule/arm64e-apple-macos.swiftmodule /Applications/Xcode-beta.app/Contents/Developer/Toolchains/XcodeDefault.xctoolchain/usr/lib/swift/macosx/prebuilt-modules/27.0/Observation.swiftmodule/arm64e-apple-macos.swiftmodule /Applications/Xcode-beta.app/Contents/Developer/Toolchains/XcodeDefault.xctoolchain/usr/lib/swift/macosx/prebuilt-modules/27.0/CoreMedia.swiftmodule/arm64e-apple-macos.swiftmodule /Applications/Xcode-beta.app/Contents/Developer/Toolchains/XcodeDefault.xctoolchain/usr/lib/swift/macosx/prebuilt-modules/27.0/Accessibility.swiftmodule/arm64e-apple-macos.swiftmodule /Applications/Xcode-beta.app/Contents/Developer/Toolchains/XcodeDefault.xctoolchain/usr/lib/swift/macosx/prebuilt-modules/27.0/Swift.swiftmodule/arm64e-apple-macos.swiftmodule /tmp/plainsong-e9-build-7377cf4e51edb85d023986a8c33cabd3edff6a10/Release/Build/Products/Release/CoreTextSwift.swiftmodule/arm64-apple-macos.swiftmodule /Applications/Xcode-beta.app/Contents/Developer/Toolchains/XcodeDefault.xctoolchain/usr/lib/swift/macosx/prebuilt-modules/27.0/AVFAudio.swiftmodule/arm64e-apple-macos.swiftmodule /Applications/Xcode-beta.app/Contents/Developer/Toolchains/XcodeDefault.xctoolchain/usr/lib/swift/macosx/prebuilt-modules/27.0/OSLog.swiftmodule/arm64e-apple-macos.swiftmodule /Applications/Xcode-beta.app/Contents/Developer/Toolchains/XcodeDefault.xctoolchain/usr/lib/swift/macosx/prebuilt-modules/27.0/_WebKit_SwiftUI.swiftmodule/arm64e-apple-macos.swiftmodule /tmp/plainsong-e9-build-7377cf4e51edb85d023986a8c33cabd3edff6a10/Release/Build/Products/Release/STTextViewAppKit.swiftmodule/arm64-apple-macos.swiftmodule /Applications/Xcode-beta.app/Contents/Developer/Toolchains/XcodeDefault.xctoolchain/usr/lib/swift/macosx/prebuilt-modules/27.0/WebKit.swiftmodule/arm64e-apple-macos.swiftmodule /Applications/Xcode-beta.app/Contents/Developer/Toolchains/XcodeDefault.xctoolchain/usr/lib/swift/macosx/prebuilt-modules/27.0/_DarwinFoundation3.swiftmodule/arm64e-apple-macos.swiftmodule /tmp/plainsong-e9-build-7377cf4e51edb85d023986a8c33cabd3edff6a10/Release/ModuleCache.noindex/Metal-D67ZT1LXRB0BIYO95CF7A8VTR.pcm /tmp/plainsong-e9-build-7377cf4e51edb85d023986a8c33cabd3edff6a10/Release/ModuleCache.noindex/CoreData-9OVXSYPHMAGO8LXCGCWLXT4IY.pcm /tmp/plainsong-e9-build-7377cf4e51edb85d023986a8c33cabd3edff6a10/Release/ModuleCache.noindex/MachO-8F3HZIAL47B4ROGF1C0P341PC.pcm /tmp/plainsong-e9-build-7377cf4e51edb85d023986a8c33cabd3edff6a10/Release/ModuleCache.noindex/OpenGL-7UP3HIFC3ULFE46E6H07JRB2W.pcm /tmp/plainsong-e9-build-7377cf4e51edb85d023986a8c33cabd3edff6a10/Release/ModuleCache.noindex/Accessibility-2ZIQ6B3HGNIM9LHPD2TA6ET85.pcm /tmp/plainsong-e9-build-7377cf4e51edb85d023986a8c33cabd3edff6a10/Release/ModuleCache.noindex/CoreAudioTypes-AEV499GPZFHKQPO9FG1K279FC.pcm /tmp/plainsong-e9-build-7377cf4e51edb85d023986a8c33cabd3edff6a10/Release/ModuleCache.noindex/libkern-A0XC3SW1S64SNXE24X3UT29Y2.pcm /tmp/plainsong-e9-build-7377cf4e51edb85d023986a8c33cabd3edff6a10/Release/ModuleCache.noindex/CoreAudio-7IP3L6MADAQSTFTH0BATW48GE.pcm /tmp/plainsong-e9-build-7377cf4e51edb85d023986a8c33cabd3edff6a10/Release/ModuleCache.noindex/simd-9Y57G78LP1OGJ56UP1NAWNGYJ.pcm /tmp/plainsong-e9-build-7377cf4e51edb85d023986a8c33cabd3edff6a10/Release/ModuleCache.noindex/Network-2PZ3RB54FEUW9N60WBF62IRGU.pcm /tmp/plainsong-e9-build-7377cf4e51edb85d023986a8c33cabd3edff6a10/Release/ModuleCache.noindex/SwiftShims-61QW36O6CDIS3AVTII5J5BAF8.pcm /tmp/plainsong-e9-build-7377cf4e51edb85d023986a8c33cabd3edff6a10/Release/ModuleCache.noindex/DeveloperToolsSupport-HDFT8B4QQV1Z0ACJAGMVRYK5.pcm /tmp/plainsong-e9-build-7377cf4e51edb85d023986a8c33cabd3edff6a10/Release/ModuleCache.noindex/AVFoundation-2Y3NCHBP4A5ZWKBSNCJ3REWF1.pcm /tmp/plainsong-e9-build-7377cf4e51edb85d023986a8c33cabd3edff6a10/Release/ModuleCache.noindex/_SwiftConcurrencyShims-D8KB2U7L0FXAZM3DMEOFC96XX.pcm /tmp/plainsong-e9-build-7377cf4e51edb85d023986a8c33cabd3edff6a10/Release/ModuleCache.noindex/_Builtin_intrinsics-IOYRE6ZMH144UB5CLGQP5921.pcm /tmp/plainsong-e9-build-7377cf4e51edb85d023986a8c33cabd3edff6a10/Release/Build/Intermediates.noindex/SwiftExplicitPrecompiledModules/TreeSitterMarkdownInline-2QVEX92OGP7X6A3DJAS67EW5R.pcm /tmp/plainsong-e9-build-7377cf4e51edb85d023986a8c33cabd3edff6a10/Release/Build/Intermediates.noindex/SwiftExplicitPrecompiledModules/TreeSitterMarkdown-CKB6RXF77T062W9QO5RW95Z3M.pcm /tmp/plainsong-e9-build-7377cf4e51edb85d023986a8c33cabd3edff6a10/Release/ModuleCache.noindex/_Builtin_float-AND5KQ78A1XEEMBOMGG2G909Y.pcm /tmp/plainsong-e9-build-7377cf4e51edb85d023986a8c33cabd3edff6a10/Release/ModuleCache.noindex/CUPS-45GK9YELSPQ0L3IXFIUC6M7OS.pcm /tmp/plainsong-e9-build-7377cf4e51edb85d023986a8c33cabd3edff6a10/Release/Build/Intermediates.noindex/SwiftExplicitPrecompiledModules/XCUIAutomation-3HUGML8WZHVZ7DN1DI47I684J.pcm /tmp/plainsong-e9-build-7377cf4e51edb85d023986a8c33cabd3edff6a10/Release/ModuleCache.noindex/_Builtin_stdarg-35L2HM4KYXSC6D4QQFQY5248I.pcm /tmp/plainsong-e9-build-7377cf4e51edb85d023986a8c33cabd3edff6a10/Release/ModuleCache.noindex/CoreFoundation-BRAP3RJ9DX35YWHMPSI0G2RKF.pcm /tmp/plainsong-e9-build-7377cf4e51edb85d023986a8c33cabd3edff6a10/Release/ModuleCache.noindex/Security-LOHCIB6NN04Q37DYCPC44WMR.pcm /tmp/plainsong-e9-build-7377cf4e51edb85d023986a8c33cabd3edff6a10/Release/ModuleCache.noindex/CoreGraphics-9J01D0WAFUIBCR28Y88YE43N7.pcm /tmp/plainsong-e9-build-7377cf4e51edb85d023986a8c33cabd3edff6a10/Release/ModuleCache.noindex/Dispatch-43RC1RSTUDOQH4KW4BNPGXTJF.pcm /tmp/plainsong-e9-build-7377cf4e51edb85d023986a8c33cabd3edff6a10/Release/ModuleCache.noindex/libDER-1TQOHPHQM8A3LX18XAZX571.pcm /tmp/plainsong-e9-build-7377cf4e51edb85d023986a8c33cabd3edff6a10/Release/ModuleCache.noindex/SwiftUICore-2WJ5AMWUA6KZFP1KGMN3ZPODS.pcm /tmp/plainsong-e9-build-7377cf4e51edb85d023986a8c33cabd3edff6a10/Release/ModuleCache.noindex/AudioToolbox-3YEJBCFBVLZKE1SCP7ED82Q9Z.pcm /tmp/plainsong-e9-build-7377cf4e51edb85d023986a8c33cabd3edff6a10/Release/ModuleCache.noindex/WebKit-5ULDH6IXMIOMJXLK3OC8EWR2H.pcm /tmp/plainsong-e9-build-7377cf4e51edb85d023986a8c33cabd3edff6a10/Release/ModuleCache.noindex/_Builtin_stddef-EQKD3M665NUMFZGXOOLGY2H53.pcm /tmp/plainsong-e9-build-7377cf4e51edb85d023986a8c33cabd3edff6a10/Release/ModuleCache.noindex/_AvailabilityInternal-G89PJJSLSJ4NV5E47GKZHXKL.pcm /tmp/plainsong-e9-build-7377cf4e51edb85d023986a8c33cabd3edff6a10/Release/ModuleCache.noindex/_Builtin_stdint-DGR80GSYSWGBI24JWAVBVC6PW.pcm /tmp/plainsong-e9-build-7377cf4e51edb85d023986a8c33cabd3edff6a10/Release/ModuleCache.noindex/IOSurface-2V0NYMP8IT5DNLLBFFE9OANZ0.pcm /tmp/plainsong-e9-build-7377cf4e51edb85d023986a8c33cabd3edff6a10/Release/Build/Intermediates.noindex/SwiftExplicitPrecompiledModules/XCTest-JDHCDRZ904I620S0UOSE9ZCI.pcm /tmp/plainsong-e9-build-7377cf4e51edb85d023986a8c33cabd3edff6a10/Release/ModuleCache.noindex/DataDetection-3X65J1UA2H2BVPTT4JOWS0RBS.pcm /tmp/plainsong-e9-build-7377cf4e51edb85d023986a8c33cabd3edff6a10/Release/ModuleCache.noindex/_Builtin_limits-5QGPC1B4N4VO7K23MWDE5LR9V.pcm /tmp/plainsong-e9-build-7377cf4e51edb85d023986a8c33cabd3edff6a10/Release/ModuleCache.noindex/string_h-2RWC003PGU2V9NA3NG0T6TLYF.pcm /tmp/plainsong-e9-build-7377cf4e51edb85d023986a8c33cabd3edff6a10/Release/ModuleCache.noindex/Spatial-7AIBSKZ56P8N617TGLBQ8WXNH.pcm /tmp/plainsong-e9-build-7377cf4e51edb85d023986a8c33cabd3edff6a10/Release/ModuleCache.noindex/CoreVideo-10HVI4QQLGIXT797EG2JEGAFP.pcm /tmp/plainsong-e9-build-7377cf4e51edb85d023986a8c33cabd3edff6a10/Release/ModuleCache.noindex/CoreMIDI-BT5STN9JWXGP8FIL8KUU231KX.pcm /tmp/plainsong-e9-build-7377cf4e51edb85d023986a8c33cabd3edff6a10/Release/ModuleCache.noindex/ApplicationServices-49OR7PIJS4M6BH2X1T2VZRU0I.pcm /tmp/plainsong-e9-build-7377cf4e51edb85d023986a8c33cabd3edff6a10/Release/ModuleCache.noindex/_Builtin_stdbool-7OUXY6HHA2LXYR475SSSEXEDO.pcm /tmp/plainsong-e9-build-7377cf4e51edb85d023986a8c33cabd3edff6a10/Release/ModuleCache.noindex/DiskArbitration-84K3HVRSMLFLG10ZRQH49K3RR.pcm /tmp/plainsong-e9-build-7377cf4e51edb85d023986a8c33cabd3edff6a10/Release/ModuleCache.noindex/os-2VKX0HABF04XUR2VJ84LFFK9V.pcm /tmp/plainsong-e9-build-7377cf4e51edb85d023986a8c33cabd3edff6a10/Release/ModuleCache.noindex/Foundation-2DZQ3HYL56DEEA5U726J27G9R.pcm /tmp/plainsong-e9-build-7377cf4e51edb85d023986a8c33cabd3edff6a10/Release/ModuleCache.noindex/MediaToolbox-AQM71A349ZQ4J4Y2COA6PGLHM.pcm /tmp/plainsong-e9-build-7377cf4e51edb85d023986a8c33cabd3edff6a10/Release/ModuleCache.noindex/_DarwinFoundation2-DO2EB2H8CVGAI61H8S80R1FKX.pcm /tmp/plainsong-e9-build-7377cf4e51edb85d023986a8c33cabd3edff6a10/Release/ModuleCache.noindex/XPC-29K4JN00BR0HKR65NAGMSJA0A.pcm /tmp/plainsong-e9-build-7377cf4e51edb85d023986a8c33cabd3edff6a10/Release/Build/Intermediates.noindex/SwiftExplicitPrecompiledModules/TreeSitterTSXFixed-4NABH6HOW7TXDWH7Z2CYE4BIN.pcm /tmp/plainsong-e9-build-7377cf4e51edb85d023986a8c33cabd3edff6a10/Release/ModuleCache.noindex/Darwin-BGQFN4WLNI1IHPO28ZUSJOG8F.pcm /tmp/plainsong-e9-build-7377cf4e51edb85d023986a8c33cabd3edff6a10/Release/ModuleCache.noindex/Cocoa-41O5PA3JSWG6QTUOI43ACUFOL.pcm /tmp/plainsong-e9-build-7377cf4e51edb85d023986a8c33cabd3edff6a10/Release/ModuleCache.noindex/ptrauth-BLC7FHE695W3JVA7KAGFWRIT5.pcm /tmp/plainsong-e9-build-7377cf4e51edb85d023986a8c33cabd3edff6a10/Release/ModuleCache.noindex/VideoToolbox-8CSCNW6PGKQ68A0JEEHR64XIN.pcm /tmp/plainsong-e9-build-7377cf4e51edb85d023986a8c33cabd3edff6a10/Release/ModuleCache.noindex/JavaScriptCore-9QZVQ0VORP5V1MD9ISBC0IGR8.pcm /tmp/plainsong-e9-build-7377cf4e51edb85d023986a8c33cabd3edff6a10/Release/ModuleCache.noindex/CoreTransferable-5Q2F2L49T4GF3I1KVHVX6ZC8N.pcm /tmp/plainsong-e9-build-7377cf4e51edb85d023986a8c33cabd3edff6a10/Release/ModuleCache.noindex/_Builtin_stdatomic-EDKC274X4HCNR4UYS43W4F04Z.pcm /tmp/plainsong-e9-build-7377cf4e51edb85d023986a8c33cabd3edff6a10/Release/ModuleCache.noindex/dnssd-9CAL0UZ1JFCU1PUM5JH63AI1S.pcm /tmp/plainsong-e9-build-7377cf4e51edb85d023986a8c33cabd3edff6a10/Release/ModuleCache.noindex/ObjectiveC-B9YUC9KZ5J1CEY5O6WHKQ5SZS.pcm /tmp/plainsong-e9-build-7377cf4e51edb85d023986a8c33cabd3edff6a10/Release/ModuleCache.noindex/CoreMedia-3SEUJGVOG8SMUMAEMGICB09CZ.pcm /tmp/plainsong-e9-build-7377cf4e51edb85d023986a8c33cabd3edff6a10/Release/ModuleCache.noindex/ptrcheck-DASOKIULWTPSVRMPWQE2WHXGS.pcm /tmp/plainsong-e9-build-7377cf4e51edb85d023986a8c33cabd3edff6a10/Release/ModuleCache.noindex/CoreImage-F3BNV3HKL8M0HAK9FZJ3LH4MQ.pcm /tmp/plainsong-e9-build-7377cf4e51edb85d023986a8c33cabd3edff6a10/Release/Build/Intermediates.noindex/SwiftExplicitPrecompiledModules/TreeSitterYAMLFixed-B4UOFO3J37TPDC8YLBY3WMD8L.pcm /tmp/plainsong-e9-build-7377cf4e51edb85d023986a8c33cabd3edff6a10/Release/ModuleCache.noindex/OSLog-CF2KYNJPGXJZ5P6BQN6TGC9RI.pcm /tmp/plainsong-e9-build-7377cf4e51edb85d023986a8c33cabd3edff6a10/Release/ModuleCache.noindex/_DarwinFoundation1-C74L57ZFGDNOR0QQJPBL9V20J.pcm /tmp/plainsong-e9-build-7377cf4e51edb85d023986a8c33cabd3edff6a10/Release/ModuleCache.noindex/ImageIO-AQ8U4O4TVX512UVPUP4HBAQU8.pcm /tmp/plainsong-e9-build-7377cf4e51edb85d023986a8c33cabd3edff6a10/Release/Build/Intermediates.noindex/SwiftExplicitPrecompiledModules/TreeSitter-4G952VFNBSUX6850GZKMD3WFX.pcm /tmp/plainsong-e9-build-7377cf4e51edb85d023986a8c33cabd3edff6a10/Release/ModuleCache.noindex/_Builtin_tgmath-EXJPWD08K94WO5MRDN3Y1WR5.pcm /tmp/plainsong-e9-build-7377cf4e51edb85d023986a8c33cabd3edff6a10/Release/Build/Intermediates.noindex/SwiftExplicitPrecompiledModules/CYaml-3GB0PFZ8WC22KJPDU9UB6497Y.pcm /tmp/plainsong-e9-build-7377cf4e51edb85d023986a8c33cabd3edff6a10/Release/ModuleCache.noindex/os_workgroup-EXHYIWJIMR14ICQYJRXLR6Y5A.pcm /tmp/plainsong-e9-build-7377cf4e51edb85d023986a8c33cabd3edff6a10/Release/ModuleCache.noindex/CFNetwork-TBJ7V40BR3QSNXE8AYU1WXYA.pcm /tmp/plainsong-e9-build-7377cf4e51edb85d023986a8c33cabd3edff6a10/Release/ModuleCache.noindex/CoreText-DOYCSJTA3YX9XIOTYSOW6CIOZ.pcm /tmp/plainsong-e9-build-7377cf4e51edb85d023986a8c33cabd3edff6a10/Release/ModuleCache.noindex/AVFAudio-B22AL3D1OGL3WOQ18EV1BLSDP.pcm /tmp/plainsong-e9-build-7377cf4e51edb85d023986a8c33cabd3edff6a10/Release/ModuleCache.noindex/ColorSync-ASNPPQEQ7QH9CAV1ZNVIDHKS2.pcm /tmp/plainsong-e9-build-7377cf4e51edb85d023986a8c33cabd3edff6a10/Release/ModuleCache.noindex/AppKit-8PR952VBEW0LEY5MI7CRPILKD.pcm /tmp/plainsong-e9-build-7377cf4e51edb85d023986a8c33cabd3edff6a10/Release/ModuleCache.noindex/sys_types-BG52S1S5AIX99S1LI0FS1ER.pcm /tmp/plainsong-e9-build-7377cf4e51edb85d023986a8c33cabd3edff6a10/Release/ModuleCache.noindex/CoreServices-3C77G9B2EV5CF51KYPT4A8AJS.pcm /tmp/plainsong-e9-build-7377cf4e51edb85d023986a8c33cabd3edff6a10/Release/ModuleCache.noindex/IOKit-9IBYAVQJALF2251V383UFE8P3.pcm /tmp/plainsong-e9-build-7377cf4e51edb85d023986a8c33cabd3edff6a10/Release/ModuleCache.noindex/Symbols-EMT8UKQTL84FW4YZ9KS8YDQLE.pcm /tmp/plainsong-e9-build-7377cf4e51edb85d023986a8c33cabd3edff6a10/Release/ModuleCache.noindex/QuartzCore-5ZTQK3C96CJJI1130DWTSAYCD.pcm /tmp/plainsong-e9-build-7377cf4e51edb85d023986a8c33cabd3edff6a10/Release/Build/Intermediates.noindex/SwiftExplicitPrecompiledModules/STObjCLandShim-2R67BS1U9UYPJ8MKU5F9O1LPL.pcm /tmp/plainsong-e9-build-7377cf4e51edb85d023986a8c33cabd3edff6a10/Release/ModuleCache.noindex/launch-177S5HZEH5ZTPCHGUK6XB0ZK9.pcm /tmp/plainsong-e9-build-7377cf4e51edb85d023986a8c33cabd3edff6a10/Release/ModuleCache.noindex/UniformTypeIdentifiers-7R1GBVQGFEPSI1S30M6EH6ZOU.pcm /tmp/plainsong-e9-build-7377cf4e51edb85d023986a8c33cabd3edff6a10/Release/ModuleCache.noindex/Carbon-AOQXGD9UV3OTWCS36DZ5GEDE7.pcm /tmp/plainsong-e9-build-7377cf4e51edb85d023986a8c33cabd3edff6a10/Release/ModuleCache.noindex/_Builtin_inttypes-5WSWNWYQ8CKI6J14K3G6S5N02.pcm /tmp/plainsong-e9-build-7377cf4e51edb85d023986a8c33cabd3edff6a10/Release/ModuleCache.noindex/os_object-6YAXVP90Q2PBY0J2N69RXO5FG.pcm /tmp/plainsong-e9-build-7377cf4e51edb85d023986a8c33cabd3edff6a10/Release/ModuleCache.noindex/SwiftUI-F0SITN1800924B2JN5GEJOL0D.pcm /tmp/plainsong-e9-build-7377cf4e51edb85d023986a8c33cabd3edff6a10/Release/ModuleCache.noindex/_DarwinFoundation3-3SQLR725XUJNT07FSIPA5589I.pcm /tmp/plainsong-e9-build-7377cf4e51edb85d023986a8c33cabd3edff6a10/Release/ModuleCache.noindex/LocalAuthentication-A8IH0CU9CNQU99SU7KKMQSYCU.pcm /tmp/plainsong-e9-build-7377cf4e51edb85d023986a8c33cabd3edff6a10/Release/Build/Intermediates.noindex/Plainsong.build/Release/PerformanceTests.build/Objects-normal/arm64/PerformanceTests-dependencies-2.json (in target 'PerformanceTests' from project 'Plainsong')

SwiftCompile normal arm64 (in target 'PerformanceTests' from project 'Plainsong')
    cd /Users/davis._.su/Documents/plainsong-export-html-command
    

SwiftCompile normal x86_64 Compiling\ AppBackedEditorPerformanceTestSupport.swift,\ AppBackedEditorPerformanceTests+Export.swift,\ AppBackedEditorPerformanceTests.swift,\ EditorFindPerformanceSupport.swift,\ EditorFindPerformanceTests.swift,\ EditorFindProductionHostPerformanceProbe.swift,\ EditorFindProductionHostSupport.swift,\ ExportHTMLPerformanceTests.swift,\ PerformanceBudgetTests.swift,\ WorkspaceSearchCancellationPerformanceTests.swift,\ WorkspaceSearchCeilingPerformanceTests.swift,\ WorkspaceSearchPerformanceAssertions.swift,\ WorkspaceSearchPerformanceBlockingReader.swift,\ WorkspaceSearchPerformanceFixtures.swift,\ WorkspaceSearchPerformanceIgnoreFixtures.swift,\ WorkspaceSearchPerformanceSupport.swift,\ WorkspaceSearchPerformanceTests.swift,\ WorkspaceSearchPerformanceWarmUp.swift,\ WorkspaceSearchReadBoundsPerformanceTests.swift,\ WorkspaceSearchSmartCasePerformanceTests.swift /Users/davis._.su/Documents/plainsong-export-html-command/PerformanceTests/AppBackedEditorPerformanceTestSupport.swift /Users/davis._.su/Documents/plainsong-export-html-command/PerformanceTests/AppBackedEditorPerformanceTests+Export.swift /Users/davis._.su/Documents/plainsong-export-html-command/PerformanceTests/AppBackedEditorPerformanceTests.swift /Users/davis._.su/Documents/plainsong-export-html-command/PerformanceTests/EditorFindPerformanceSupport.swift /Users/davis._.su/Documents/plainsong-export-html-command/PerformanceTests/EditorFindPerformanceTests.swift /Users/davis._.su/Documents/plainsong-export-html-command/PerformanceTests/EditorFindProductionHostPerformanceProbe.swift /Users/davis._.su/Documents/plainsong-export-html-command/PerformanceTests/EditorFindProductionHostSupport.swift /Users/davis._.su/Documents/plainsong-export-html-command/PerformanceTests/ExportHTMLPerformanceTests.swift /Users/davis._.su/Documents/plainsong-export-html-command/PerformanceTests/PerformanceBudgetTests.swift /Users/davis._.su/Documents/plainsong-export-html-command/PerformanceTests/WorkspaceSearchCancellationPerformanceTests.swift /Users/davis._.su/Documents/plainsong-export-html-command/PerformanceTests/WorkspaceSearchCeilingPerformanceTests.swift /Users/davis._.su/Documents/plainsong-export-html-command/PerformanceTests/WorkspaceSearchPerformanceAssertions.swift /Users/davis._.su/Documents/plainsong-export-html-command/PerformanceTests/WorkspaceSearchPerformanceBlockingReader.swift /Users/davis._.su/Documents/plainsong-export-html-command/PerformanceTests/WorkspaceSearchPerformanceFixtures.swift /Users/davis._.su/Documents/plainsong-export-html-command/PerformanceTests/WorkspaceSearchPerformanceIgnoreFixtures.swift /Users/davis._.su/Documents/plainsong-export-html-command/PerformanceTests/WorkspaceSearchPerformanceSupport.swift /Users/davis._.su/Documents/plainsong-export-html-command/PerformanceTests/WorkspaceSearchPerformanceTests.swift /Users/davis._.su/Documents/plainsong-export-html-command/PerformanceTests/WorkspaceSearchPerformanceWarmUp.swift /Users/davis._.su/Documents/plainsong-export-html-command/PerformanceTests/WorkspaceSearchReadBoundsPerformanceTests.swift /Users/davis._.su/Documents/plainsong-export-html-command/PerformanceTests/WorkspaceSearchSmartCasePerformanceTests.swift /tmp/plainsong-e9-build-7377cf4e51edb85d023986a8c33cabd3edff6a10/Release/Build/Products/Release/STTextViewCommon.swiftmodule/x86_64-apple-macos.swiftmodule /Applications/Xcode-beta.app/Contents/Developer/Toolchains/XcodeDefault.xctoolchain/usr/lib/swift/macosx/prebuilt-modules/27.0/ObjectiveC.swiftmodule/x86_64-apple-macos.swiftmodule /Applications/Xcode-beta.app/Contents/Developer/Toolchains/XcodeDefault.xctoolchain/usr/lib/swift/macosx/prebuilt-modules/27.0/ImageIO.swiftmodule/x86_64-apple-macos.swiftmodule /Applications/Xcode-beta.app/Contents/Developer/Toolchains/XcodeDefault.xctoolchain/usr/lib/swift/macosx/prebuilt-modules/27.0/_Concurrency.swiftmodule/x86_64-apple-macos.swiftmodule /Applications/Xcode-beta.app/Contents/Developer/Toolchains/XcodeDefault.xctoolchain/usr/lib/swift/macosx/prebuilt-modules/27.0/DeveloperToolsSupport.swiftmodule/x86_64-apple-macos.swiftmodule /Applications/Xcode-beta.app/Contents/Developer/Toolchains/XcodeDefault.xctoolchain/usr/lib/swift/macosx/prebuilt-modules/27.0/CoreMedia.swiftmodule/x86_64-apple-macos.swiftmodule /Applications/Xcode-beta.app/Contents/Developer/Toolchains/XcodeDefault.xctoolchain/usr/lib/swift/macosx/prebuilt-modules/27.0/CoreVideo.swiftmodule/x86_64-apple-macos.swiftmodule /Applications/Xcode-beta.app/Contents/Developer/Toolchains/XcodeDefault.xctoolchain/usr/lib/swift/macosx/prebuilt-modules/27.0/Symbols.swiftmodule/x86_64-apple-macos.swiftmodule /Applications/Xcode-beta.app/Contents/Developer/Toolchains/XcodeDefault.xctoolchain/usr/lib/swift/macosx/prebuilt-modules/27.0/_DarwinFoundation1.swiftmodule/x86_64-apple-macos.swiftmodule /tmp/plainsong-e9-build-7377cf4e51edb85d023986a8c33cabd3edff6a10/Release/Build/Products/Release/STTextViewAppKit.swiftmodule/x86_64-apple-macos.swiftmodule /Applications/Xcode-beta.app/Contents/Developer/Toolchains/XcodeDefault.xctoolchain/usr/lib/swift/macosx/prebuilt-modules/27.0/_StringProcessing.swiftmodule/x86_64-apple-macos.swiftmodule /Applications/Xcode-beta.app/Contents/Developer/Toolchains/XcodeDefault.xctoolchain/usr/lib/swift/macosx/prebuilt-modules/27.0/_WebKit_SwiftUI.swiftmodule/x86_64-apple-macos.swiftmodule /Applications/Xcode-beta.app/Contents/Developer/Toolchains/XcodeDefault.xctoolchain/usr/lib/swift/macosx/prebuilt-modules/27.0/_DarwinFoundation3.swiftmodule/x86_64-apple-macos.swiftmodule /Applications/Xcode-beta.app/Contents/Developer/Toolchains/XcodeDefault.xctoolchain/usr/lib/swift/macosx/prebuilt-modules/27.0/OSLog.swiftmodule/x86_64-apple-macos.swiftmodule /tmp/plainsong-e9-build-7377cf4e51edb85d023986a8c33cabd3edff6a10/Release/Build/Products/Release/Plainsong.swiftmodule/x86_64-apple-macos.swiftmodule /tmp/plainsong-e9-build-7377cf4e51edb85d023986a8c33cabd3edff6a10/Release/Build/Products/Release/STTextKitPlus.swiftmodule/x86_64-apple-macos.swiftmodule /Applications/Xcode-beta.app/Contents/Developer/Toolchains/XcodeDefault.xctoolchain/usr/lib/swift/macosx/prebuilt-modules/27.0/Spatial.swiftmodule/x86_64-apple-macos.swiftmodule /Applications/Xcode-beta.app/Contents/Developer/Toolchains/XcodeDefault.xctoolchain/usr/lib/swift/macosx/prebuilt-modules/27.0/AudioToolbox.swiftmodule/x86_64-apple-macos.swiftmodule /tmp/plainsong-e9-build-7377cf4e51edb85d023986a8c33cabd3edff6a10/Release/Build/Intermediates.noindex/SwiftExplicitPrecompiledModules/XCUIAutomation-317K8ZDY00P29.swiftmodule /Applications/Xcode-beta.app/Contents/Developer/Toolchains/XcodeDefault.xctoolchain/usr/lib/swift/macosx/prebuilt-modules/27.0/CoreMIDI.swiftmodule/x86_64-apple-macos.swiftmodule /Applications/Xcode-beta.app/Contents/Developer/Toolchains/XcodeDefault.xctoolchain/usr/lib/swift/macosx/prebuilt-modules/27.0/simd.swiftmodule/x86_64-apple-macos.swiftmodule /Applications/Xcode-beta.app/Contents/Developer/Toolchains/XcodeDefault.xctoolchain/usr/lib/swift/macosx/prebuilt-modules/27.0/System.swiftmodule/x86_64-apple-macos.swiftmodule /Applications/Xcode-beta.app/Contents/Developer/Toolchains/XcodeDefault.xctoolchain/usr/lib/swift/macosx/prebuilt-modules/27.0/QuartzCore.swiftmodule/x86_64-apple-macos.swiftmodule /Applications/Xcode-beta.app/Contents/Developer/Toolchains/XcodeDefault.xctoolchain/usr/lib/swift/macosx/prebuilt-modules/27.0/CoreFoundation.swiftmodule/x86_64-apple-macos.swiftmodule /Applications/Xcode-beta.app/Contents/Developer/Toolchains/XcodeDefault.xctoolchain/usr/lib/swift/macosx/prebuilt-modules/27.0/Combine.swiftmodule/x86_64-apple-macos.swiftmodule /tmp/plainsong-e9-build-7377cf4e51edb85d023986a8c33cabd3edff6a10/Release/Build/Products/Release/MarkdownCore.swiftmodule/x86_64-apple-macos.swiftmodule /Applications/Xcode-beta.app/Contents/Developer/Toolchains/XcodeDefault.xctoolchain/usr/lib/swift/macosx/prebuilt-modules/27.0/IOKit.swiftmodule/x86_64-apple-macos.swiftmodule /Applications/Xcode-beta.app/Contents/Developer/Toolchains/XcodeDefault.xctoolchain/usr/lib/swift/macosx/prebuilt-modules/27.0/CoreGraphics.swiftmodule/x86_64-apple-macos.swiftmodule /Applications/Xcode-beta.app/Contents/Developer/Toolchains/XcodeDefault.xctoolchain/usr/lib/swift/macosx/prebuilt-modules/27.0/Network.swiftmodule/x86_64-apple-macos.swiftmodule /tmp/plainsong-e9-build-7377cf4e51edb85d023986a8c33cabd3edff6a10/Release/Build/Products/Release/Yams.swiftmodule/x86_64-apple-macos.swiftmodule /Applications/Xcode-beta.app/Contents/Developer/Toolchains/XcodeDefault.xctoolchain/usr/lib/swift/macosx/prebuilt-modules/27.0/CryptoKit.swiftmodule/x86_64-apple-macos.swiftmodule /tmp/plainsong-e9-build-7377cf4e51edb85d023986a8c33cabd3edff6a10/Release/Build/Intermediates.noindex/SwiftExplicitPrecompiledModules/XCTest-3S8HQSRCZEIFL.swiftmodule /Applications/Xcode-beta.app/Contents/Developer/Toolchains/XcodeDefault.xctoolchain/usr/lib/swift/macosx/prebuilt-modules/27.0/Darwin.swiftmodule/x86_64-apple-macos.swiftmodule /Applications/Xcode-beta.app/Contents/Developer/Toolchains/XcodeDefault.xctoolchain/usr/lib/swift/macosx/prebuilt-modules/27.0/Observation.swiftmodule/x86_64-apple-macos.swiftmodule /Applications/Xcode-beta.app/Contents/Developer/Toolchains/XcodeDefault.xctoolchain/usr/lib/swift/macosx/prebuilt-modules/27.0/CoreData.swiftmodule/x86_64-apple-macos.swiftmodule /Applications/Xcode-beta.app/Contents/Developer/Toolchains/XcodeDefault.xctoolchain/usr/lib/swift/macosx/prebuilt-modules/27.0/Swift.swiftmodule/x86_64-apple-macos.swiftmodule /tmp/plainsong-e9-build-7377cf4e51edb85d023986a8c33cabd3edff6a10/Release/Build/Products/Release/CoreTextSwift.swiftmodule/x86_64-apple-macos.swiftmodule /Applications/Xcode-beta.app/Contents/Developer/Toolchains/XcodeDefault.xctoolchain/usr/lib/swift/macosx/prebuilt-modules/27.0/Metal.swiftmodule/x86_64-apple-macos.swiftmodule /tmp/plainsong-e9-build-7377cf4e51edb85d023986a8c33cabd3edff6a10/Release/Build/Products/Release/PreviewKit.swiftmodule/x86_64-apple-macos.swiftmodule /Applications/Xcode-beta.app/Contents/Developer/Toolchains/XcodeDefault.xctoolchain/usr/lib/swift/macosx/prebuilt-modules/27.0/CoreAudio.swiftmodule/x86_64-apple-macos.swiftmodule /Applications/Xcode-beta.app/Contents/Developer/Toolchains/XcodeDefault.xctoolchain/usr/lib/swift/macosx/prebuilt-modules/27.0/XPC.swiftmodule/x86_64-apple-macos.swiftmodule /Applications/Xcode-beta.app/Contents/Developer/Toolchains/XcodeDefault.xctoolchain/usr/lib/swift/macosx/prebuilt-modules/27.0/DataDetection.swiftmodule/x86_64-apple-macos.swiftmodule /Applications/Xcode-beta.app/Contents/Developer/Toolchains/XcodeDefault.xctoolchain/usr/lib/swift/macosx/prebuilt-modules/27.0/UniformTypeIdentifiers.swiftmodule/x86_64-apple-macos.swiftmodule /tmp/plainsong-e9-build-7377cf4e51edb85d023986a8c33cabd3edff6a10/Release/Build/Products/Release/EditorKit.swiftmodule/x86_64-apple-macos.swiftmodule /Applications/Xcode-beta.app/Contents/Developer/Toolchains/XcodeDefault.xctoolchain/usr/lib/swift/macosx/prebuilt-modules/27.0/Accessibility.swiftmodule/x86_64-apple-macos.swiftmodule /Applications/Xcode-beta.app/Contents/Developer/Toolchains/XcodeDefault.xctoolchain/usr/lib/swift/macosx/prebuilt-modules/27.0/SwiftUI.swiftmodule/x86_64-apple-macos.swiftmodule /Applications/Xcode-beta.app/Contents/Developer/Toolchains/XcodeDefault.xctoolchain/usr/lib/swift/macosx/prebuilt-modules/27.0/MediaToolbox.swiftmodule/x86_64-apple-macos.swiftmodule /Applications/Xcode-beta.app/Contents/Developer/Toolchains/XcodeDefault.xctoolchain/usr/lib/swift/macosx/prebuilt-modules/27.0/SwiftUICore.swiftmodule/x86_64-apple-macos.swiftmodule /Applications/Xcode-beta.app/Contents/Developer/Toolchains/XcodeDefault.xctoolchain/usr/lib/swift/macosx/prebuilt-modules/27.0/_Builtin_float.swiftmodule/x86_64-apple-macos.swiftmodule /tmp/plainsong-e9-build-7377cf4e51edb85d023986a8c33cabd3edff6a10/Release/Build/Products/Release/SwiftTreeSitter.swiftmodule/x86_64-apple-macos.swiftmodule /Applications/Xcode-beta.app/Contents/Developer/Toolchains/XcodeDefault.xctoolchain/usr/lib/swift/macosx/prebuilt-modules/27.0/AVFAudio.swiftmodule/x86_64-apple-macos.swiftmodule /Applications/Xcode-beta.app/Contents/Developer/Toolchains/XcodeDefault.xctoolchain/usr/lib/swift/macosx/prebuilt-modules/27.0/Foundation.swiftmodule/x86_64-apple-macos.swiftmodule /tmp/plainsong-e9-build-7377cf4e51edb85d023986a8c33cabd3edff6a10/Release/Build/Products/Release/WorkspaceKit.swiftmodule/x86_64-apple-macos.swiftmodule /Applications/Xcode-beta.app/Contents/Developer/Toolchains/XcodeDefault.xctoolchain/usr/lib/swift/macosx/prebuilt-modules/27.0/AppKit.swiftmodule/x86_64-apple-macos.swiftmodule /Applications/Xcode-beta.app/Contents/Developer/Toolchains/XcodeDefault.xctoolchain/usr/lib/swift/macosx/prebuilt-modules/27.0/_DarwinFoundation2.swiftmodule/x86_64-apple-macos.swiftmodule /tmp/plainsong-e9-build-7377cf4e51edb85d023986a8c33cabd3edff6a10/Release/Build/Products/Release/STTextView.swiftmodule/x86_64-apple-macos.swiftmodule /Applications/Xcode-beta.app/Contents/Developer/Toolchains/XcodeDefault.xctoolchain/usr/lib/swift/macosx/prebuilt-modules/27.0/WebKit.swiftmodule/x86_64-apple-macos.swiftmodule /Applications/Xcode-beta.app/Contents/Developer/Toolchains/XcodeDefault.xctoolchain/usr/lib/swift/macosx/prebuilt-modules/27.0/Synchronization.swiftmodule/x86_64-apple-macos.swiftmodule /Applications/Xcode-beta.app/Contents/Developer/Toolchains/XcodeDefault.xctoolchain/usr/lib/swift/macosx/prebuilt-modules/27.0/VideoToolbox.swiftmodule/x86_64-apple-macos.swiftmodule /Applications/Xcode-beta.app/Contents/Developer/Toolchains/XcodeDefault.xctoolchain/usr/lib/swift/macosx/prebuilt-modules/27.0/AVFoundation.swiftmodule/x86_64-apple-macos.swiftmodule /Applications/Xcode-beta.app/Contents/Developer/Toolchains/XcodeDefault.xctoolchain/usr/lib/swift/macosx/prebuilt-modules/27.0/LocalAuthentication.swiftmodule/x86_64-apple-macos.swiftmodule /Applications/Xcode-beta.app/Contents/Developer/Toolchains/XcodeDefault.xctoolchain/usr/lib/swift/macosx/prebuilt-modules/27.0/CoreText.swiftmodule/x86_64-apple-macos.swiftmodule /Applications/Xcode-beta.app/Contents/Developer/Toolchains/XcodeDefault.xctoolchain/usr/lib/swift/macosx/prebuilt-modules/27.0/CoreTransferable.swiftmodule/x86_64-apple-macos.swiftmodule /Applications/Xcode-beta.app/Contents/Developer/Toolchains/XcodeDefault.xctoolchain/usr/lib/swift/macosx/prebuilt-modules/27.0/CoreImage.swiftmodule/x86_64-apple-macos.swiftmodule /Applications/Xcode-beta.app/Contents/Developer/Toolchains/XcodeDefault.xctoolchain/usr/lib/swift/macosx/prebuilt-modules/27.0/os.swiftmodule/x86_64-apple-macos.swiftmodule /Applications/Xcode-beta.app/Contents/Developer/Toolchains/XcodeDefault.xctoolchain/usr/lib/swift/macosx/prebuilt-modules/27.0/Distributed.swiftmodule/x86_64-apple-macos.swiftmodule /Applications/Xcode-beta.app/Contents/Developer/Toolchains/XcodeDefault.xctoolchain/usr/lib/swift/macosx/prebuilt-modules/27.0/Dispatch.swiftmodule/x86_64-apple-macos.swiftmodule /tmp/plainsong-e9-build-7377cf4e51edb85d023986a8c33cabd3edff6a10/Release/ModuleCache.noindex/CoreTransferable-E94RGOXVDSCHC1G6KKYOCQ8VR.pcm /tmp/plainsong-e9-build-7377cf4e51edb85d023986a8c33cabd3edff6a10/Release/Build/Intermediates.noindex/SwiftExplicitPrecompiledModules/TreeSitterYAMLFixed-98F4VCTR12BHBE9VYWNPG7AMT.pcm /tmp/plainsong-e9-build-7377cf4e51edb85d023986a8c33cabd3edff6a10/Release/ModuleCache.noindex/_SwiftConcurrencyShims-CBC3L2DWB7DFFZPCM5DRL2HHR.pcm /tmp/plainsong-e9-build-7377cf4e51edb85d023986a8c33cabd3edff6a10/Release/ModuleCache.noindex/Spatial-7F8K24K87HX6RF1GOF50J0MCH.pcm /tmp/plainsong-e9-build-7377cf4e51edb85d023986a8c33cabd3edff6a10/Release/Build/Intermediates.noindex/SwiftExplicitPrecompiledModules/TreeSitterMarkdownInline-4O2QD7PH8TNBG68RF0V1J19M7.pcm /tmp/plainsong-e9-build-7377cf4e51edb85d023986a8c33cabd3edff6a10/Release/ModuleCache.noindex/SwiftShims-D3NK9ICXV248GNXGIIVDQ16H2.pcm /tmp/plainsong-e9-build-7377cf4e51edb85d023986a8c33cabd3edff6a10/Release/Build/Intermediates.noindex/SwiftExplicitPrecompiledModules/CYaml-DXB8GNMVLJLSF7NMAXBXH6MD4.pcm /tmp/plainsong-e9-build-7377cf4e51edb85d023986a8c33cabd3edff6a10/Release/ModuleCache.noindex/UniformTypeIdentifiers-BZBBFUHI9DVW0J3N0ALY86KS6.pcm /tmp/plainsong-e9-build-7377cf4e51edb85d023986a8c33cabd3edff6a10/Release/ModuleCache.noindex/CoreVideo-6PQFAO216KJNXOJS8QCR17V8N.pcm /tmp/plainsong-e9-build-7377cf4e51edb85d023986a8c33cabd3edff6a10/Release/ModuleCache.noindex/_Builtin_stdint-2OXFWPXKML6QH7PQDJZ1X7EK0.pcm /tmp/plainsong-e9-build-7377cf4e51edb85d023986a8c33cabd3edff6a10/Release/ModuleCache.noindex/Symbols-D9J6X7FTVA5O2HA8GQVFOBUHE.pcm /tmp/plainsong-e9-build-7377cf4e51edb85d023986a8c33cabd3edff6a10/Release/ModuleCache.noindex/libkern-71WRMZKJ0NHTBZMZ2QCJLBHO2.pcm /tmp/plainsong-e9-build-7377cf4e51edb85d023986a8c33cabd3edff6a10/Release/Build/Intermediates.noindex/SwiftExplicitPrecompiledModules/TreeSitterTSXFixed-ENZ09XPHKJZRFHQS87FIQVQKE.pcm /tmp/plainsong-e9-build-7377cf4e51edb85d023986a8c33cabd3edff6a10/Release/ModuleCache.noindex/OSLog-6VR49WBZANG8XPU4VTTLXRGWL.pcm /tmp/plainsong-e9-build-7377cf4e51edb85d023986a8c33cabd3edff6a10/Release/ModuleCache.noindex/SwiftUICore-JSZ458S1O4FHHSHH40B2J1OG.pcm /tmp/plainsong-e9-build-7377cf4e51edb85d023986a8c33cabd3edff6a10/Release/ModuleCache.noindex/DiskArbitration-1NVQZX0017WODPZ2EL8UUG87Z.pcm /tmp/plainsong-e9-build-7377cf4e51edb85d023986a8c33cabd3edff6a10/Release/ModuleCache.noindex/os_workgroup-G13GMMNYO5DWDVT71O23R0K.pcm /tmp/plainsong-e9-build-7377cf4e51edb85d023986a8c33cabd3edff6a10/Release/ModuleCache.noindex/CFNetwork-6TIMRX722WYRAZ8VMRX2H9YK8.pcm /tmp/plainsong-e9-build-7377cf4e51edb85d023986a8c33cabd3edff6a10/Release/ModuleCache.noindex/sys_types-91AQDJ8BAUJ5Z1V7JHUXXFGZP.pcm /tmp/plainsong-e9-build-7377cf4e51edb85d023986a8c33cabd3edff6a10/Release/Build/Intermediates.noindex/SwiftExplicitPrecompiledModules/TreeSitter-8NRA6Z8J04P3KX8LXXRAFUPRI.pcm /tmp/plainsong-e9-build-7377cf4e51edb85d023986a8c33cabd3edff6a10/Release/ModuleCache.noindex/CoreData-E26VJ4KQZ85OKQXZJQFRZD761.pcm /tmp/plainsong-e9-build-7377cf4e51edb85d023986a8c33cabd3edff6a10/Release/ModuleCache.noindex/launch-CTNQV0OVC9R2WFPC5KWP1IVOF.pcm /tmp/plainsong-e9-build-7377cf4e51edb85d023986a8c33cabd3edff6a10/Release/Build/Intermediates.noindex/SwiftExplicitPrecompiledModules/STObjCLandShim-2ACBXRBS95PQF50SOWJUZZ89T.pcm /tmp/plainsong-e9-build-7377cf4e51edb85d023986a8c33cabd3edff6a10/Release/ModuleCache.noindex/Dispatch-E8RPYFQMR9E32RT2I0B4VJUKQ.pcm /tmp/plainsong-e9-build-7377cf4e51edb85d023986a8c33cabd3edff6a10/Release/Build/Intermediates.noindex/SwiftExplicitPrecompiledModules/TreeSitterMarkdown-5CGMHVLNAA3LUGFWAL2ZX19FL.pcm /tmp/plainsong-e9-build-7377cf4e51edb85d023986a8c33cabd3edff6a10/Release/ModuleCache.noindex/os-AK9WVEKAFUSIQMS9TSW6L64HJ.pcm /tmp/plainsong-e9-build-7377cf4e51edb85d023986a8c33cabd3edff6a10/Release/ModuleCache.noindex/_DarwinFoundation1-6NISSMM15DV4JWL2PIOKULNZD.pcm /tmp/plainsong-e9-build-7377cf4e51edb85d023986a8c33cabd3edff6a10/Release/ModuleCache.noindex/os_object-BX573LHAY5R2ETUCYWQIIPSLY.pcm /tmp/plainsong-e9-build-7377cf4e51edb85d023986a8c33cabd3edff6a10/Release/ModuleCache.noindex/CoreImage-2HDEN68WESPI2UTWS3DWRKM4W.pcm /tmp/plainsong-e9-build-7377cf4e51edb85d023986a8c33cabd3edff6a10/Release/ModuleCache.noindex/CoreGraphics-ETNMO4QY4PGV5WSULDXNC2RZ1.pcm /tmp/plainsong-e9-build-7377cf4e51edb85d023986a8c33cabd3edff6a10/Release/ModuleCache.noindex/Security-DRJTMKKKVQPOOSK0OBIPVXS2U.pcm /tmp/plainsong-e9-build-7377cf4e51edb85d023986a8c33cabd3edff6a10/Release/ModuleCache.noindex/ptrauth-6S8C9MHZHGPJQ7BLAI7F2HB0Q.pcm /tmp/plainsong-e9-build-7377cf4e51edb85d023986a8c33cabd3edff6a10/Release/ModuleCache.noindex/QuartzCore-9WB7QAHGZYDECCMZWOD0WAZF0.pcm /tmp/plainsong-e9-build-7377cf4e51edb85d023986a8c33cabd3edff6a10/Release/ModuleCache.noindex/CoreMedia-ASLGZIYD8L8VKF56VWA31AF3V.pcm /tmp/plainsong-e9-build-7377cf4e51edb85d023986a8c33cabd3edff6a10/Release/ModuleCache.noindex/_Builtin_stdbool-7CGXCROGNS0Z5CPQ5PXR1XF63.pcm /tmp/plainsong-e9-build-7377cf4e51edb85d023986a8c33cabd3edff6a10/Release/ModuleCache.noindex/Darwin-AWXCF8MR0LMZ1TK1ANQNOZ06B.pcm /tmp/plainsong-e9-build-7377cf4e51edb85d023986a8c33cabd3edff6a10/Release/ModuleCache.noindex/_DarwinFoundation3-BLDDLKI5HWSHK1FITADAOAJTV.pcm /tmp/plainsong-e9-build-7377cf4e51edb85d023986a8c33cabd3edff6a10/Release/ModuleCache.noindex/dnssd-1UE9G7XF1RDTR9ZYQ1M3ZV12B.pcm /tmp/plainsong-e9-build-7377cf4e51edb85d023986a8c33cabd3edff6a10/Release/ModuleCache.noindex/ptrcheck-537OJ4N6T60PQZVPLA7SJAOC9.pcm /tmp/plainsong-e9-build-7377cf4e51edb85d023986a8c33cabd3edff6a10/Release/ModuleCache.noindex/AudioToolbox-7P6AAXYPCCXBY8TS91JQTO5CP.pcm /tmp/plainsong-e9-build-7377cf4e51edb85d023986a8c33cabd3edff6a10/Release/ModuleCache.noindex/AVFAudio-D7WABU395C5EFG12A14MJ5581.pcm /tmp/plainsong-e9-build-7377cf4e51edb85d023986a8c33cabd3edff6a10/Release/ModuleCache.noindex/_Builtin_stdatomic-3ZVS8VNNAJ6QASO1L5FWJ2FF3.pcm /tmp/plainsong-e9-build-7377cf4e51edb85d023986a8c33cabd3edff6a10/Release/ModuleCache.noindex/simd-5434Z225B8BD5VK5I7G32GLQT.pcm /tmp/plainsong-e9-build-7377cf4e51edb85d023986a8c33cabd3edff6a10/Release/ModuleCache.noindex/_AvailabilityInternal-977FLNDH096HSWKIR7OP85JVI.pcm /tmp/plainsong-e9-build-7377cf4e51edb85d023986a8c33cabd3edff6a10/Release/ModuleCache.noindex/AppKit-38YYZ39KPM0JE4865NIEA50RU.pcm /tmp/plainsong-e9-build-7377cf4e51edb85d023986a8c33cabd3edff6a10/Release/ModuleCache.noindex/SwiftUI-7T7IIYM1Q2PCXGFIVP2RSZE35.pcm /tmp/plainsong-e9-build-7377cf4e51edb85d023986a8c33cabd3edff6a10/Release/ModuleCache.noindex/ImageIO-4VF3L751ALW274Q35RCIEJ3UC.pcm /tmp/plainsong-e9-build-7377cf4e51edb85d023986a8c33cabd3edff6a10/Release/ModuleCache.noindex/Network-16Q510V6UGACYYNA1GLILU7HV.pcm /tmp/plainsong-e9-build-7377cf4e51edb85d023986a8c33cabd3edff6a10/Release/ModuleCache.noindex/CoreText-3UZA1O6ZZX9KRZXGYTV90LMRS.pcm /tmp/plainsong-e9-build-7377cf4e51edb85d023986a8c33cabd3edff6a10/Release/ModuleCache.noindex/Carbon-3H1HGE0WHEZ45AP79SL6UH7TY.pcm /tmp/plainsong-e9-build-7377cf4e51edb85d023986a8c33cabd3edff6a10/Release/ModuleCache.noindex/_Builtin_limits-8M3HEHOY23JO94OFUA75NIRYU.pcm /tmp/plainsong-e9-build-7377cf4e51edb85d023986a8c33cabd3edff6a10/Release/ModuleCache.noindex/AVFoundation-2J9ORMQ9M0X1XWRBM6WW1ZIO5.pcm /tmp/plainsong-e9-build-7377cf4e51edb85d023986a8c33cabd3edff6a10/Release/ModuleCache.noindex/CoreMIDI-AUMI2LZTQ8HXILDW309STP2Y3.pcm /tmp/plainsong-e9-build-7377cf4e51edb85d023986a8c33cabd3edff6a10/Release/ModuleCache.noindex/DataDetection-GS28HUPUS4YSMF69LSA2K9BH.pcm /tmp/plainsong-e9-build-7377cf4e51edb85d023986a8c33cabd3edff6a10/Release/ModuleCache.noindex/XPC-8R9PTTP534O4FJZ1QNJDDDFVT.pcm /tmp/plainsong-e9-build-7377cf4e51edb85d023986a8c33cabd3edff6a10/Release/ModuleCache.noindex/_Builtin_stdarg-472SR78M9BZJQDSVEROOBJVQS.pcm /tmp/plainsong-e9-build-7377cf4e51edb85d023986a8c33cabd3edff6a10/Release/ModuleCache.noindex/_Builtin_float-2JMAFQCUXDDPALAF4YH5HSCR3.pcm /tmp/plainsong-e9-build-7377cf4e51edb85d023986a8c33cabd3edff6a10/Release/ModuleCache.noindex/CoreAudioTypes-C8BTIAW2MEKSMJDYGQAJAGRS0.pcm /tmp/plainsong-e9-build-7377cf4e51edb85d023986a8c33cabd3edff6a10/Release/ModuleCache.noindex/WebKit-8LF5N74MCKH8NQB4H8YBJ2QLX.pcm /tmp/plainsong-e9-build-7377cf4e51edb85d023986a8c33cabd3edff6a10/Release/ModuleCache.noindex/ObjectiveC-EC62GLKUX2ZGUPQDFSV505TQG.pcm /tmp/plainsong-e9-build-7377cf4e51edb85d023986a8c33cabd3edff6a10/Release/ModuleCache.noindex/JavaScriptCore-9XDKANZCYD5SBH7VUB11T0HDS.pcm /tmp/plainsong-e9-build-7377cf4e51edb85d023986a8c33cabd3edff6a10/Release/ModuleCache.noindex/Metal-DAW5WOFRRK275MC9UVNYP8VFP.pcm /tmp/plainsong-e9-build-7377cf4e51edb85d023986a8c33cabd3edff6a10/Release/ModuleCache.noindex/Accessibility-DGVT33544OUP3EHIVMTQ979MN.pcm /tmp/plainsong-e9-build-7377cf4e51edb85d023986a8c33cabd3edff6a10/Release/ModuleCache.noindex/LocalAuthentication-4PMDXJSGJ57DOY7RV9BSD152Z.pcm /tmp/plainsong-e9-build-7377cf4e51edb85d023986a8c33cabd3edff6a10/Release/ModuleCache.noindex/_Builtin_stddef-BW9Z0L1B518AUKXLSFWP1ZSLR.pcm /tmp/plainsong-e9-build-7377cf4e51edb85d023986a8c33cabd3edff6a10/Release/ModuleCache.noindex/string_h-93E3AU8DLYMJ5J3DUDCJJCEE2.pcm /tmp/plainsong-e9-build-7377cf4e51edb85d023986a8c33cabd3edff6a10/Release/ModuleCache.noindex/ColorSync-7SD3DIMBY76IYZHJLQRZ56WVK.pcm /tmp/plainsong-e9-build-7377cf4e51edb85d023986a8c33cabd3edff6a10/Release/ModuleCache.noindex/CoreAudio-15K83DWGSTK4B0N2QT8HJSCOK.pcm /tmp/plainsong-e9-build-7377cf4e51edb85d023986a8c33cabd3edff6a10/Release/ModuleCache.noindex/Foundation-CUR7M79O5UGUDETZDRNNB5QTH.pcm /tmp/plainsong-e9-build-7377cf4e51edb85d023986a8c33cabd3edff6a10/Release/ModuleCache.noindex/CoreFoundation-D93LLA9E8K9RX0HPAW0I5HN1W.pcm /tmp/plainsong-e9-build-7377cf4e51edb85d023986a8c33cabd3edff6a10/Release/ModuleCache.noindex/_Builtin_intrinsics-1L6ZEJCGUKCJC25OJGS3W09Q1.pcm /tmp/plainsong-e9-build-7377cf4e51edb85d023986a8c33cabd3edff6a10/Release/ModuleCache.noindex/MediaToolbox-5P75W6RM2BENSWA3B3JTVSKL4.pcm /tmp/plainsong-e9-build-7377cf4e51edb85d023986a8c33cabd3edff6a10/Release/ModuleCache.noindex/_Builtin_inttypes-3QZ2YLKFYSSNGFIB57JKNWJI4.pcm /tmp/plainsong-e9-build-7377cf4e51edb85d023986a8c33cabd3edff6a10/Release/ModuleCache.noindex/DeveloperToolsSupport-5WJ35VHXYML5RBO1SQCOL0FXN.pcm /tmp/plainsong-e9-build-7377cf4e51edb85d023986a8c33cabd3edff6a10/Release/Build/Intermediates.noindex/SwiftExplicitPrecompiledModules/XCTest-ALQYMDS9JMG0D7RV9S3ZN9HMP.pcm /tmp/plainsong-e9-build-7377cf4e51edb85d023986a8c33cabd3edff6a10/Release/ModuleCache.noindex/CoreServices-674ZB2KIFVAMDQHTTB2U74KG.pcm /tmp/plainsong-e9-build-7377cf4e51edb85d023986a8c33cabd3edff6a10/Release/Build/Intermediates.noindex/SwiftExplicitPrecompiledModules/XCUIAutomation-B0EGVDW91D0LBBYTHE1E9H9AZ.pcm /tmp/plainsong-e9-build-7377cf4e51edb85d023986a8c33cabd3edff6a10/Release/ModuleCache.noindex/libDER-2PP2OBR9LX4K2RFOIK8ULZL77.pcm /tmp/plainsong-e9-build-7377cf4e51edb85d023986a8c33cabd3edff6a10/Release/ModuleCache.noindex/IOKit-CXL2JXPECA5X5PRFFVWRPK3MK.pcm /tmp/plainsong-e9-build-7377cf4e51edb85d023986a8c33cabd3edff6a10/Release/ModuleCache.noindex/OpenGL-BGWWI5T0SFU8E8U7T0Y2VP0TK.pcm /tmp/plainsong-e9-build-7377cf4e51edb85d023986a8c33cabd3edff6a10/Release/ModuleCache.noindex/ApplicationServices-AOMMUAD3Y99MBTONU8CPSXHCY.pcm /tmp/plainsong-e9-build-7377cf4e51edb85d023986a8c33cabd3edff6a10/Release/ModuleCache.noindex/IOSurface-1RV36N7JVIFOIY80D3MU1IJZQ.pcm /tmp/plainsong-e9-build-7377cf4e51edb85d023986a8c33cabd3edff6a10/Release/ModuleCache.noindex/VideoToolbox-B90CZ6WHGOFFMEYZ4OY2BWG9Y.pcm /tmp/plainsong-e9-build-7377cf4e51edb85d023986a8c33cabd3edff6a10/Release/ModuleCache.noindex/_DarwinFoundation2-EE04OC5EGZQHFBU7SAADRBPS7.pcm /tmp/plainsong-e9-build-7377cf4e51edb85d023986a8c33cabd3edff6a10/Release/ModuleCache.noindex/_Builtin_tgmath-BVOY8T7C563PH67QV1XEBGAAL.pcm /tmp/plainsong-e9-build-7377cf4e51edb85d023986a8c33cabd3edff6a10/Release/ModuleCache.noindex/Cocoa-HUDBBMYA2LLDBK7L61S9YDM5.pcm /tmp/plainsong-e9-build-7377cf4e51edb85d023986a8c33cabd3edff6a10/Release/ModuleCache.noindex/CUPS-B0414KQS83AEK9WL30PW8VD5O.pcm /tmp/plainsong-e9-build-7377cf4e51edb85d023986a8c33cabd3edff6a10/Release/ModuleCache.noindex/MachO-ALXW24QRMBDCFNG4F4C0A4KT.pcm /tmp/plainsong-e9-build-7377cf4e51edb85d023986a8c33cabd3edff6a10/Release/Build/Intermediates.noindex/Plainsong.build/Release/PerformanceTests.build/Objects-normal/x86_64/PerformanceTests-dependencies-1.json (in target 'PerformanceTests' from project 'Plainsong')

SwiftCompile normal x86_64 (in target 'PerformanceTests' from project 'Plainsong')
    cd /Users/davis._.su/Documents/plainsong-export-html-command
    

SwiftDriverJobDiscovery normal arm64 Compiling AppBackedEditorPerformanceTestSupport.swift, AppBackedEditorPerformanceTests+Export.swift, AppBackedEditorPerformanceTests.swift, EditorFindPerformanceSupport.swift, EditorFindPerformanceTests.swift, EditorFindProductionHostPerformanceProbe.swift, EditorFindProductionHostSupport.swift, ExportHTMLPerformanceTests.swift, PerformanceBudgetTests.swift, WorkspaceSearchCancellationPerformanceTests.swift, WorkspaceSearchCeilingPerformanceTests.swift, WorkspaceSearchPerformanceAssertions.swift, WorkspaceSearchPerformanceBlockingReader.swift, WorkspaceSearchPerformanceFixtures.swift, WorkspaceSearchPerformanceIgnoreFixtures.swift, WorkspaceSearchPerformanceSupport.swift, WorkspaceSearchPerformanceTests.swift, WorkspaceSearchPerformanceWarmUp.swift, WorkspaceSearchReadBoundsPerformanceTests.swift, WorkspaceSearchSmartCasePerformanceTests.swift (in target 'PerformanceTests' from project 'Plainsong')

SwiftDriverJobDiscovery normal x86_64 Compiling AppBackedEditorPerformanceTestSupport.swift, AppBackedEditorPerformanceTests+Export.swift, AppBackedEditorPerformanceTests.swift, EditorFindPerformanceSupport.swift, EditorFindPerformanceTests.swift, EditorFindProductionHostPerformanceProbe.swift, EditorFindProductionHostSupport.swift, ExportHTMLPerformanceTests.swift, PerformanceBudgetTests.swift, WorkspaceSearchCancellationPerformanceTests.swift, WorkspaceSearchCeilingPerformanceTests.swift, WorkspaceSearchPerformanceAssertions.swift, WorkspaceSearchPerformanceBlockingReader.swift, WorkspaceSearchPerformanceFixtures.swift, WorkspaceSearchPerformanceIgnoreFixtures.swift, WorkspaceSearchPerformanceSupport.swift, WorkspaceSearchPerformanceTests.swift, WorkspaceSearchPerformanceWarmUp.swift, WorkspaceSearchReadBoundsPerformanceTests.swift, WorkspaceSearchSmartCasePerformanceTests.swift (in target 'PerformanceTests' from project 'Plainsong')

SwiftDriver\ Compilation\ Requirements PerformanceTests normal arm64 com.apple.xcode.tools.swift.compiler (in target 'PerformanceTests' from project 'Plainsong')
    cd /Users/davis._.su/Documents/plainsong-export-html-command
    builtin-Swift-Compilation-Requirements -- /Applications/Xcode-beta.app/Contents/Developer/Toolchains/XcodeDefault.xctoolchain/usr/bin/swiftc -module-name PerformanceTests -O -whole-module-optimization @/tmp/plainsong-e9-build-7377cf4e51edb85d023986a8c33cabd3edff6a10/Release/Build/Intermediates.noindex/Plainsong.build/Release/PerformanceTests.build/Objects-normal/arm64/PerformanceTests.SwiftFileList -Xcc -fmodule-map-file\=/tmp/plainsong-e9-build-7377cf4e51edb85d023986a8c33cabd3edff6a10/Release/SourcePackages/checkouts/Yams/Sources/CYaml/include/module.modulemap -Xcc -fmodule-map-file\=/tmp/plainsong-e9-build-7377cf4e51edb85d023986a8c33cabd3edff6a10/Release/SourcePackages/checkouts/STTextView/Sources/STObjCLandShim/include/module.modulemap -Xcc -fmodule-map-file\=/tmp/plainsong-e9-build-7377cf4e51edb85d023986a8c33cabd3edff6a10/Release/Build/Intermediates.noindex/GeneratedModuleMaps/TreeSitter.modulemap -Xcc -fmodule-map-file\=/tmp/plainsong-e9-build-7377cf4e51edb85d023986a8c33cabd3edff6a10/Release/Build/Intermediates.noindex/GeneratedModuleMaps/TreeSitterMarkdownInline.modulemap -Xcc -fmodule-map-file\=/tmp/plainsong-e9-build-7377cf4e51edb85d023986a8c33cabd3edff6a10/Release/Build/Intermediates.noindex/GeneratedModuleMaps/TreeSitterMarkdown.modulemap -Xcc -fmodule-map-file\=/tmp/plainsong-e9-build-7377cf4e51edb85d023986a8c33cabd3edff6a10/Release/Build/Intermediates.noindex/GeneratedModuleMaps/TreeSitterYAMLFixed.modulemap -Xcc -fmodule-map-file\=/tmp/plainsong-e9-build-7377cf4e51edb85d023986a8c33cabd3edff6a10/Release/Build/Intermediates.noindex/GeneratedModuleMaps/TreeSitterTSXFixed.modulemap -plugin-path /Applications/Xcode-beta.app/Contents/Developer/Toolchains/XcodeDefault.xctoolchain/usr/lib/swift/host/plugins/testing -enable-upcoming-feature StrictConcurrency -enable-bare-slash-regex -enable-experimental-feature DebugDescriptionMacro -sdk /Applications/Xcode-beta.app/Contents/Developer/Platforms/MacOSX.platform/Developer/SDKs/MacOSX27.0.sdk -target arm64-apple-macos14.0 -g -module-cache-path /tmp/plainsong-e9-build-7377cf4e51edb85d023986a8c33cabd3edff6a10/Release/ModuleCache.noindex -Xfrontend -serialize-debugging-options -enable-testing -swift-version 5 -I /tmp/plainsong-e9-build-7377cf4e51edb85d023986a8c33cabd3edff6a10/Release/Build/Products/Release -Isystem /Applications/Xcode-beta.app/Contents/Developer/Platforms/MacOSX.platform/Developer/usr/lib -F /tmp/plainsong-e9-build-7377cf4e51edb85d023986a8c33cabd3edff6a10/Release/Build/Products/Release/PackageFrameworks -F /tmp/plainsong-e9-build-7377cf4e51edb85d023986a8c33cabd3edff6a10/Release/Build/Products/Release -F /Applications/Xcode-beta.app/Contents/Developer/Platforms/MacOSX.platform/Developer/Library/Frameworks -c -num-threads 8 -Xcc -ivfsstatcache -Xcc /tmp/plainsong-e9-build-7377cf4e51edb85d023986a8c33cabd3edff6a10/Release/SDKStatCaches.noindex/macosx27.0-26A5353p-45874285e5972fffeae925c4ab065928.sdkstatcache -output-file-map /tmp/plainsong-e9-build-7377cf4e51edb85d023986a8c33cabd3edff6a10/Release/Build/Intermediates.noindex/Plainsong.build/Release/PerformanceTests.build/Objects-normal/arm64/PerformanceTests-OutputFileMap.json -save-temps -no-color-diagnostics -explicit-module-build -module-cache-path /tmp/plainsong-e9-build-7377cf4e51edb85d023986a8c33cabd3edff6a10/Release/Build/Intermediates.noindex/SwiftExplicitPrecompiledModules -clang-scanner-module-cache-path /tmp/plainsong-e9-build-7377cf4e51edb85d023986a8c33cabd3edff6a10/Release/ModuleCache.noindex -sdk-module-cache-path /tmp/plainsong-e9-build-7377cf4e51edb85d023986a8c33cabd3edff6a10/Release/ModuleCache.noindex -emit-dependencies -emit-module -emit-module-path /tmp/plainsong-e9-build-7377cf4e51edb85d023986a8c33cabd3edff6a10/Release/Build/Intermediates.noindex/Plainsong.build/Release/PerformanceTests.build/Objects-normal/arm64/PerformanceTests.swiftmodule -serialize-diagnostics -dependency-scan-serialize-diagnostics-path /tmp/plainsong-e9-build-7377cf4e51edb85d023986a8c33cabd3edff6a10/Release/Build/Intermediates.noindex/Plainsong.build/Release/PerformanceTests.build/Objects-normal/arm64/PerformanceTests-dependency-scan.dia -validate-clang-modules-once -clang-build-session-file /tmp/plainsong-e9-build-7377cf4e51edb85d023986a8c33cabd3edff6a10/Release/ModuleCache.noindex/Session.modulevalidation -Xcc -fmodules-prune-interval\=86400 -Xcc -fmodules-prune-after\=345600 -emit-const-values -const-gather-protocols-list /tmp/plainsong-e9-build-7377cf4e51edb85d023986a8c33cabd3edff6a10/Release/Build/Intermediates.noindex/Plainsong.build/Release/PerformanceTests.build/Objects-normal/arm64/PerformanceTests_const_extract_protocols.json -Xcc -iquote -Xcc /tmp/plainsong-e9-build-7377cf4e51edb85d023986a8c33cabd3edff6a10/Release/Build/Intermediates.noindex/Plainsong.build/Release/PerformanceTests.build/PerformanceTests-generated-files.hmap -Xcc -I/tmp/plainsong-e9-build-7377cf4e51edb85d023986a8c33cabd3edff6a10/Release/Build/Intermediates.noindex/Plainsong.build/Release/PerformanceTests.build/PerformanceTests-own-target-headers.hmap -Xcc -I/tmp/plainsong-e9-build-7377cf4e51edb85d023986a8c33cabd3edff6a10/Release/Build/Intermediates.noindex/Plainsong.build/Release/PerformanceTests.build/PerformanceTests-all-non-framework-target-headers.hmap -Xcc -ivfsoverlay -Xcc /tmp/plainsong-e9-build-7377cf4e51edb85d023986a8c33cabd3edff6a10/Release/Build/Intermediates.noindex/Plainsong.build/Release/Plainsong-b2908d68c0a4bf5a1fc0d177a3ade17b-VFS/all-product-headers.yaml -Xcc -iquote -Xcc /tmp/plainsong-e9-build-7377cf4e51edb85d023986a8c33cabd3edff6a10/Release/Build/Intermediates.noindex/Plainsong.build/Release/PerformanceTests.build/PerformanceTests-project-headers.hmap -Xcc -I/tmp/plainsong-e9-build-7377cf4e51edb85d023986a8c33cabd3edff6a10/Release/SourcePackages/checkouts/Yams/Sources/CYaml/include -Xcc -I/tmp/plainsong-e9-build-7377cf4e51edb85d023986a8c33cabd3edff6a10/Release/SourcePackages/checkouts/STTextView/Sources/STObjCLandShim/include -Xcc -I/tmp/plainsong-e9-build-7377cf4e51edb85d023986a8c33cabd3edff6a10/Release/SourcePackages/checkouts/tree-sitter/lib/include -Xcc -I/tmp/plainsong-e9-build-7377cf4e51edb85d023986a8c33cabd3edff6a10/Release/SourcePackages/checkouts/tree-sitter-markdown/tree-sitter-markdown-inline/bindings/swift -Xcc -I/tmp/plainsong-e9-build-7377cf4e51edb85d023986a8c33cabd3edff6a10/Release/SourcePackages/checkouts/tree-sitter-markdown/tree-sitter-markdown/bindings/swift -Xcc -I/Users/davis._.su/Documents/plainsong-export-html-command/Packages/EditorKit/Sources/TreeSitterYAMLFixed/include -Xcc -I/Users/davis._.su/Documents/plainsong-export-html-command/Packages/EditorKit/Sources/TreeSitterTSXFixed/include -Xcc -I/tmp/plainsong-e9-build-7377cf4e51edb85d023986a8c33cabd3edff6a10/Release/Build/Products/Release/include -Xcc -I/tmp/plainsong-e9-build-7377cf4e51edb85d023986a8c33cabd3edff6a10/Release/Build/Intermediates.noindex/Plainsong.build/Release/PerformanceTests.build/DerivedSources-normal/arm64 -Xcc -I/tmp/plainsong-e9-build-7377cf4e51edb85d023986a8c33cabd3edff6a10/Release/Build/Intermediates.noindex/Plainsong.build/Release/PerformanceTests.build/DerivedSources/arm64 -Xcc -I/tmp/plainsong-e9-build-7377cf4e51edb85d023986a8c33cabd3edff6a10/Release/Build/Intermediates.noindex/Plainsong.build/Release/PerformanceTests.build/DerivedSources -emit-objc-header -emit-objc-header-path /tmp/plainsong-e9-build-7377cf4e51edb85d023986a8c33cabd3edff6a10/Release/Build/Intermediates.noindex/Plainsong.build/Release/PerformanceTests.build/Objects-normal/arm64/PerformanceTests-Swift.h -working-directory /Users/davis._.su/Documents/plainsong-export-html-command -no-emit-module-separately-wmo

SwiftDriver\ Compilation\ Requirements PerformanceTests normal x86_64 com.apple.xcode.tools.swift.compiler (in target 'PerformanceTests' from project 'Plainsong')
    cd /Users/davis._.su/Documents/plainsong-export-html-command
    builtin-Swift-Compilation-Requirements -- /Applications/Xcode-beta.app/Contents/Developer/Toolchains/XcodeDefault.xctoolchain/usr/bin/swiftc -module-name PerformanceTests -O -whole-module-optimization @/tmp/plainsong-e9-build-7377cf4e51edb85d023986a8c33cabd3edff6a10/Release/Build/Intermediates.noindex/Plainsong.build/Release/PerformanceTests.build/Objects-normal/x86_64/PerformanceTests.SwiftFileList -Xcc -fmodule-map-file\=/tmp/plainsong-e9-build-7377cf4e51edb85d023986a8c33cabd3edff6a10/Release/SourcePackages/checkouts/Yams/Sources/CYaml/include/module.modulemap -Xcc -fmodule-map-file\=/tmp/plainsong-e9-build-7377cf4e51edb85d023986a8c33cabd3edff6a10/Release/SourcePackages/checkouts/STTextView/Sources/STObjCLandShim/include/module.modulemap -Xcc -fmodule-map-file\=/tmp/plainsong-e9-build-7377cf4e51edb85d023986a8c33cabd3edff6a10/Release/Build/Intermediates.noindex/GeneratedModuleMaps/TreeSitter.modulemap -Xcc -fmodule-map-file\=/tmp/plainsong-e9-build-7377cf4e51edb85d023986a8c33cabd3edff6a10/Release/Build/Intermediates.noindex/GeneratedModuleMaps/TreeSitterMarkdownInline.modulemap -Xcc -fmodule-map-file\=/tmp/plainsong-e9-build-7377cf4e51edb85d023986a8c33cabd3edff6a10/Release/Build/Intermediates.noindex/GeneratedModuleMaps/TreeSitterMarkdown.modulemap -Xcc -fmodule-map-file\=/tmp/plainsong-e9-build-7377cf4e51edb85d023986a8c33cabd3edff6a10/Release/Build/Intermediates.noindex/GeneratedModuleMaps/TreeSitterYAMLFixed.modulemap -Xcc -fmodule-map-file\=/tmp/plainsong-e9-build-7377cf4e51edb85d023986a8c33cabd3edff6a10/Release/Build/Intermediates.noindex/GeneratedModuleMaps/TreeSitterTSXFixed.modulemap -plugin-path /Applications/Xcode-beta.app/Contents/Developer/Toolchains/XcodeDefault.xctoolchain/usr/lib/swift/host/plugins/testing -enable-upcoming-feature StrictConcurrency -enable-bare-slash-regex -enable-experimental-feature DebugDescriptionMacro -sdk /Applications/Xcode-beta.app/Contents/Developer/Platforms/MacOSX.platform/Developer/SDKs/MacOSX27.0.sdk -target x86_64-apple-macos14.0 -g -module-cache-path /tmp/plainsong-e9-build-7377cf4e51edb85d023986a8c33cabd3edff6a10/Release/ModuleCache.noindex -Xfrontend -serialize-debugging-options -enable-testing -swift-version 5 -I /tmp/plainsong-e9-build-7377cf4e51edb85d023986a8c33cabd3edff6a10/Release/Build/Products/Release -Isystem /Applications/Xcode-beta.app/Contents/Developer/Platforms/MacOSX.platform/Developer/usr/lib -F /tmp/plainsong-e9-build-7377cf4e51edb85d023986a8c33cabd3edff6a10/Release/Build/Products/Release/PackageFrameworks -F /tmp/plainsong-e9-build-7377cf4e51edb85d023986a8c33cabd3edff6a10/Release/Build/Products/Release -F /Applications/Xcode-beta.app/Contents/Developer/Platforms/MacOSX.platform/Developer/Library/Frameworks -c -num-threads 8 -Xcc -ivfsstatcache -Xcc /tmp/plainsong-e9-build-7377cf4e51edb85d023986a8c33cabd3edff6a10/Release/SDKStatCaches.noindex/macosx27.0-26A5353p-45874285e5972fffeae925c4ab065928.sdkstatcache -output-file-map /tmp/plainsong-e9-build-7377cf4e51edb85d023986a8c33cabd3edff6a10/Release/Build/Intermediates.noindex/Plainsong.build/Release/PerformanceTests.build/Objects-normal/x86_64/PerformanceTests-OutputFileMap.json -save-temps -no-color-diagnostics -explicit-module-build -module-cache-path /tmp/plainsong-e9-build-7377cf4e51edb85d023986a8c33cabd3edff6a10/Release/Build/Intermediates.noindex/SwiftExplicitPrecompiledModules -clang-scanner-module-cache-path /tmp/plainsong-e9-build-7377cf4e51edb85d023986a8c33cabd3edff6a10/Release/ModuleCache.noindex -sdk-module-cache-path /tmp/plainsong-e9-build-7377cf4e51edb85d023986a8c33cabd3edff6a10/Release/ModuleCache.noindex -emit-dependencies -emit-module -emit-module-path /tmp/plainsong-e9-build-7377cf4e51edb85d023986a8c33cabd3edff6a10/Release/Build/Intermediates.noindex/Plainsong.build/Release/PerformanceTests.build/Objects-normal/x86_64/PerformanceTests.swiftmodule -serialize-diagnostics -dependency-scan-serialize-diagnostics-path /tmp/plainsong-e9-build-7377cf4e51edb85d023986a8c33cabd3edff6a10/Release/Build/Intermediates.noindex/Plainsong.build/Release/PerformanceTests.build/Objects-normal/x86_64/PerformanceTests-dependency-scan.dia -validate-clang-modules-once -clang-build-session-file /tmp/plainsong-e9-build-7377cf4e51edb85d023986a8c33cabd3edff6a10/Release/ModuleCache.noindex/Session.modulevalidation -Xcc -fmodules-prune-interval\=86400 -Xcc -fmodules-prune-after\=345600 -emit-const-values -const-gather-protocols-list /tmp/plainsong-e9-build-7377cf4e51edb85d023986a8c33cabd3edff6a10/Release/Build/Intermediates.noindex/Plainsong.build/Release/PerformanceTests.build/Objects-normal/x86_64/PerformanceTests_const_extract_protocols.json -Xcc -iquote -Xcc /tmp/plainsong-e9-build-7377cf4e51edb85d023986a8c33cabd3edff6a10/Release/Build/Intermediates.noindex/Plainsong.build/Release/PerformanceTests.build/PerformanceTests-generated-files.hmap -Xcc -I/tmp/plainsong-e9-build-7377cf4e51edb85d023986a8c33cabd3edff6a10/Release/Build/Intermediates.noindex/Plainsong.build/Release/PerformanceTests.build/PerformanceTests-own-target-headers.hmap -Xcc -I/tmp/plainsong-e9-build-7377cf4e51edb85d023986a8c33cabd3edff6a10/Release/Build/Intermediates.noindex/Plainsong.build/Release/PerformanceTests.build/PerformanceTests-all-non-framework-target-headers.hmap -Xcc -ivfsoverlay -Xcc /tmp/plainsong-e9-build-7377cf4e51edb85d023986a8c33cabd3edff6a10/Release/Build/Intermediates.noindex/Plainsong.build/Release/Plainsong-b2908d68c0a4bf5a1fc0d177a3ade17b-VFS/all-product-headers.yaml -Xcc -iquote -Xcc /tmp/plainsong-e9-build-7377cf4e51edb85d023986a8c33cabd3edff6a10/Release/Build/Intermediates.noindex/Plainsong.build/Release/PerformanceTests.build/PerformanceTests-project-headers.hmap -Xcc -I/tmp/plainsong-e9-build-7377cf4e51edb85d023986a8c33cabd3edff6a10/Release/SourcePackages/checkouts/Yams/Sources/CYaml/include -Xcc -I/tmp/plainsong-e9-build-7377cf4e51edb85d023986a8c33cabd3edff6a10/Release/SourcePackages/checkouts/STTextView/Sources/STObjCLandShim/include -Xcc -I/tmp/plainsong-e9-build-7377cf4e51edb85d023986a8c33cabd3edff6a10/Release/SourcePackages/checkouts/tree-sitter/lib/include -Xcc -I/tmp/plainsong-e9-build-7377cf4e51edb85d023986a8c33cabd3edff6a10/Release/SourcePackages/checkouts/tree-sitter-markdown/tree-sitter-markdown-inline/bindings/swift -Xcc -I/tmp/plainsong-e9-build-7377cf4e51edb85d023986a8c33cabd3edff6a10/Release/SourcePackages/checkouts/tree-sitter-markdown/tree-sitter-markdown/bindings/swift -Xcc -I/Users/davis._.su/Documents/plainsong-export-html-command/Packages/EditorKit/Sources/TreeSitterYAMLFixed/include -Xcc -I/Users/davis._.su/Documents/plainsong-export-html-command/Packages/EditorKit/Sources/TreeSitterTSXFixed/include -Xcc -I/tmp/plainsong-e9-build-7377cf4e51edb85d023986a8c33cabd3edff6a10/Release/Build/Products/Release/include -Xcc -I/tmp/plainsong-e9-build-7377cf4e51edb85d023986a8c33cabd3edff6a10/Release/Build/Intermediates.noindex/Plainsong.build/Release/PerformanceTests.build/DerivedSources-normal/x86_64 -Xcc -I/tmp/plainsong-e9-build-7377cf4e51edb85d023986a8c33cabd3edff6a10/Release/Build/Intermediates.noindex/Plainsong.build/Release/PerformanceTests.build/DerivedSources/x86_64 -Xcc -I/tmp/plainsong-e9-build-7377cf4e51edb85d023986a8c33cabd3edff6a10/Release/Build/Intermediates.noindex/Plainsong.build/Release/PerformanceTests.build/DerivedSources -emit-objc-header -emit-objc-header-path /tmp/plainsong-e9-build-7377cf4e51edb85d023986a8c33cabd3edff6a10/Release/Build/Intermediates.noindex/Plainsong.build/Release/PerformanceTests.build/Objects-normal/x86_64/PerformanceTests-Swift.h -working-directory /Users/davis._.su/Documents/plainsong-export-html-command -no-emit-module-separately-wmo

Copy /tmp/plainsong-e9-build-7377cf4e51edb85d023986a8c33cabd3edff6a10/Release/Build/Products/Release/PerformanceTests.swiftmodule/arm64-apple-macos.swiftdoc /tmp/plainsong-e9-build-7377cf4e51edb85d023986a8c33cabd3edff6a10/Release/Build/Intermediates.noindex/Plainsong.build/Release/PerformanceTests.build/Objects-normal/arm64/PerformanceTests.swiftdoc (in target 'PerformanceTests' from project 'Plainsong')
    cd /Users/davis._.su/Documents/plainsong-export-html-command
    builtin-copy -exclude .DS_Store -exclude CVS -exclude .svn -exclude .git -exclude .hg -resolve-src-symlinks -rename /tmp/plainsong-e9-build-7377cf4e51edb85d023986a8c33cabd3edff6a10/Release/Build/Intermediates.noindex/Plainsong.build/Release/PerformanceTests.build/Objects-normal/arm64/PerformanceTests.swiftdoc /tmp/plainsong-e9-build-7377cf4e51edb85d023986a8c33cabd3edff6a10/Release/Build/Products/Release/PerformanceTests.swiftmodule/arm64-apple-macos.swiftdoc

SwiftMergeGeneratedHeaders /tmp/plainsong-e9-build-7377cf4e51edb85d023986a8c33cabd3edff6a10/Release/Build/Intermediates.noindex/Plainsong.build/Release/PerformanceTests.build/DerivedSources/PerformanceTests-Swift.h /tmp/plainsong-e9-build-7377cf4e51edb85d023986a8c33cabd3edff6a10/Release/Build/Intermediates.noindex/Plainsong.build/Release/PerformanceTests.build/Objects-normal/arm64/PerformanceTests-Swift.h /tmp/plainsong-e9-build-7377cf4e51edb85d023986a8c33cabd3edff6a10/Release/Build/Intermediates.noindex/Plainsong.build/Release/PerformanceTests.build/Objects-normal/x86_64/PerformanceTests-Swift.h (in target 'PerformanceTests' from project 'Plainsong')
    cd /Users/davis._.su/Documents/plainsong-export-html-command
    builtin-swiftHeaderTool -arch arm64 /tmp/plainsong-e9-build-7377cf4e51edb85d023986a8c33cabd3edff6a10/Release/Build/Intermediates.noindex/Plainsong.build/Release/PerformanceTests.build/Objects-normal/arm64/PerformanceTests-Swift.h -arch x86_64 /tmp/plainsong-e9-build-7377cf4e51edb85d023986a8c33cabd3edff6a10/Release/Build/Intermediates.noindex/Plainsong.build/Release/PerformanceTests.build/Objects-normal/x86_64/PerformanceTests-Swift.h -o /tmp/plainsong-e9-build-7377cf4e51edb85d023986a8c33cabd3edff6a10/Release/Build/Intermediates.noindex/Plainsong.build/Release/PerformanceTests.build/DerivedSources/PerformanceTests-Swift.h

Copy /tmp/plainsong-e9-build-7377cf4e51edb85d023986a8c33cabd3edff6a10/Release/Build/Products/Release/PerformanceTests.swiftmodule/arm64-apple-macos.abi.json /tmp/plainsong-e9-build-7377cf4e51edb85d023986a8c33cabd3edff6a10/Release/Build/Intermediates.noindex/Plainsong.build/Release/PerformanceTests.build/Objects-normal/arm64/PerformanceTests.abi.json (in target 'PerformanceTests' from project 'Plainsong')
    cd /Users/davis._.su/Documents/plainsong-export-html-command
    builtin-copy -exclude .DS_Store -exclude CVS -exclude .svn -exclude .git -exclude .hg -resolve-src-symlinks -rename /tmp/plainsong-e9-build-7377cf4e51edb85d023986a8c33cabd3edff6a10/Release/Build/Intermediates.noindex/Plainsong.build/Release/PerformanceTests.build/Objects-normal/arm64/PerformanceTests.abi.json /tmp/plainsong-e9-build-7377cf4e51edb85d023986a8c33cabd3edff6a10/Release/Build/Products/Release/PerformanceTests.swiftmodule/arm64-apple-macos.abi.json

Copy /tmp/plainsong-e9-build-7377cf4e51edb85d023986a8c33cabd3edff6a10/Release/Build/Products/Release/PerformanceTests.swiftmodule/arm64-apple-macos.swiftmodule /tmp/plainsong-e9-build-7377cf4e51edb85d023986a8c33cabd3edff6a10/Release/Build/Intermediates.noindex/Plainsong.build/Release/PerformanceTests.build/Objects-normal/arm64/PerformanceTests.swiftmodule (in target 'PerformanceTests' from project 'Plainsong')
    cd /Users/davis._.su/Documents/plainsong-export-html-command
    builtin-copy -exclude .DS_Store -exclude CVS -exclude .svn -exclude .git -exclude .hg -resolve-src-symlinks -rename /tmp/plainsong-e9-build-7377cf4e51edb85d023986a8c33cabd3edff6a10/Release/Build/Intermediates.noindex/Plainsong.build/Release/PerformanceTests.build/Objects-normal/arm64/PerformanceTests.swiftmodule /tmp/plainsong-e9-build-7377cf4e51edb85d023986a8c33cabd3edff6a10/Release/Build/Products/Release/PerformanceTests.swiftmodule/arm64-apple-macos.swiftmodule

Copy /tmp/plainsong-e9-build-7377cf4e51edb85d023986a8c33cabd3edff6a10/Release/Build/Products/Release/PerformanceTests.swiftmodule/Project/arm64-apple-macos.swiftsourceinfo /tmp/plainsong-e9-build-7377cf4e51edb85d023986a8c33cabd3edff6a10/Release/Build/Intermediates.noindex/Plainsong.build/Release/PerformanceTests.build/Objects-normal/arm64/PerformanceTests.swiftsourceinfo (in target 'PerformanceTests' from project 'Plainsong')
    cd /Users/davis._.su/Documents/plainsong-export-html-command
    builtin-copy -exclude .DS_Store -exclude CVS -exclude .svn -exclude .git -exclude .hg -resolve-src-symlinks -rename /tmp/plainsong-e9-build-7377cf4e51edb85d023986a8c33cabd3edff6a10/Release/Build/Intermediates.noindex/Plainsong.build/Release/PerformanceTests.build/Objects-normal/arm64/PerformanceTests.swiftsourceinfo /tmp/plainsong-e9-build-7377cf4e51edb85d023986a8c33cabd3edff6a10/Release/Build/Products/Release/PerformanceTests.swiftmodule/Project/arm64-apple-macos.swiftsourceinfo

Copy /tmp/plainsong-e9-build-7377cf4e51edb85d023986a8c33cabd3edff6a10/Release/Build/Products/Release/PerformanceTests.swiftmodule/x86_64-apple-macos.swiftmodule /tmp/plainsong-e9-build-7377cf4e51edb85d023986a8c33cabd3edff6a10/Release/Build/Intermediates.noindex/Plainsong.build/Release/PerformanceTests.build/Objects-normal/x86_64/PerformanceTests.swiftmodule (in target 'PerformanceTests' from project 'Plainsong')
    cd /Users/davis._.su/Documents/plainsong-export-html-command
    builtin-copy -exclude .DS_Store -exclude CVS -exclude .svn -exclude .git -exclude .hg -resolve-src-symlinks -rename /tmp/plainsong-e9-build-7377cf4e51edb85d023986a8c33cabd3edff6a10/Release/Build/Intermediates.noindex/Plainsong.build/Release/PerformanceTests.build/Objects-normal/x86_64/PerformanceTests.swiftmodule /tmp/plainsong-e9-build-7377cf4e51edb85d023986a8c33cabd3edff6a10/Release/Build/Products/Release/PerformanceTests.swiftmodule/x86_64-apple-macos.swiftmodule

Copy /tmp/plainsong-e9-build-7377cf4e51edb85d023986a8c33cabd3edff6a10/Release/Build/Products/Release/PerformanceTests.swiftmodule/x86_64-apple-macos.swiftdoc /tmp/plainsong-e9-build-7377cf4e51edb85d023986a8c33cabd3edff6a10/Release/Build/Intermediates.noindex/Plainsong.build/Release/PerformanceTests.build/Objects-normal/x86_64/PerformanceTests.swiftdoc (in target 'PerformanceTests' from project 'Plainsong')
    cd /Users/davis._.su/Documents/plainsong-export-html-command
    builtin-copy -exclude .DS_Store -exclude CVS -exclude .svn -exclude .git -exclude .hg -resolve-src-symlinks -rename /tmp/plainsong-e9-build-7377cf4e51edb85d023986a8c33cabd3edff6a10/Release/Build/Intermediates.noindex/Plainsong.build/Release/PerformanceTests.build/Objects-normal/x86_64/PerformanceTests.swiftdoc /tmp/plainsong-e9-build-7377cf4e51edb85d023986a8c33cabd3edff6a10/Release/Build/Products/Release/PerformanceTests.swiftmodule/x86_64-apple-macos.swiftdoc

Copy /tmp/plainsong-e9-build-7377cf4e51edb85d023986a8c33cabd3edff6a10/Release/Build/Products/Release/PerformanceTests.swiftmodule/x86_64-apple-macos.abi.json /tmp/plainsong-e9-build-7377cf4e51edb85d023986a8c33cabd3edff6a10/Release/Build/Intermediates.noindex/Plainsong.build/Release/PerformanceTests.build/Objects-normal/x86_64/PerformanceTests.abi.json (in target 'PerformanceTests' from project 'Plainsong')
    cd /Users/davis._.su/Documents/plainsong-export-html-command
    builtin-copy -exclude .DS_Store -exclude CVS -exclude .svn -exclude .git -exclude .hg -resolve-src-symlinks -rename /tmp/plainsong-e9-build-7377cf4e51edb85d023986a8c33cabd3edff6a10/Release/Build/Intermediates.noindex/Plainsong.build/Release/PerformanceTests.build/Objects-normal/x86_64/PerformanceTests.abi.json /tmp/plainsong-e9-build-7377cf4e51edb85d023986a8c33cabd3edff6a10/Release/Build/Products/Release/PerformanceTests.swiftmodule/x86_64-apple-macos.abi.json

Copy /tmp/plainsong-e9-build-7377cf4e51edb85d023986a8c33cabd3edff6a10/Release/Build/Products/Release/PerformanceTests.swiftmodule/Project/x86_64-apple-macos.swiftsourceinfo /tmp/plainsong-e9-build-7377cf4e51edb85d023986a8c33cabd3edff6a10/Release/Build/Intermediates.noindex/Plainsong.build/Release/PerformanceTests.build/Objects-normal/x86_64/PerformanceTests.swiftsourceinfo (in target 'PerformanceTests' from project 'Plainsong')
    cd /Users/davis._.su/Documents/plainsong-export-html-command
    builtin-copy -exclude .DS_Store -exclude CVS -exclude .svn -exclude .git -exclude .hg -resolve-src-symlinks -rename /tmp/plainsong-e9-build-7377cf4e51edb85d023986a8c33cabd3edff6a10/Release/Build/Intermediates.noindex/Plainsong.build/Release/PerformanceTests.build/Objects-normal/x86_64/PerformanceTests.swiftsourceinfo /tmp/plainsong-e9-build-7377cf4e51edb85d023986a8c33cabd3edff6a10/Release/Build/Products/Release/PerformanceTests.swiftmodule/Project/x86_64-apple-macos.swiftsourceinfo

Ld /tmp/plainsong-e9-build-7377cf4e51edb85d023986a8c33cabd3edff6a10/Release/Build/Intermediates.noindex/Plainsong.build/Release/PerformanceTests.build/Objects-normal/x86_64/Binary/PerformanceTests normal x86_64 (in target 'PerformanceTests' from project 'Plainsong')
    cd /Users/davis._.su/Documents/plainsong-export-html-command
    /Applications/Xcode-beta.app/Contents/Developer/Toolchains/XcodeDefault.xctoolchain/usr/bin/clang -Xlinker -reproducible -target x86_64-apple-macos14.0 -bundle -isysroot /Applications/Xcode-beta.app/Contents/Developer/Platforms/MacOSX.platform/Developer/SDKs/MacOSX27.0.sdk -Os -Xlinker -no_warn_duplicate_libraries -L/tmp/plainsong-e9-build-7377cf4e51edb85d023986a8c33cabd3edff6a10/Release/Build/Intermediates.noindex/EagerLinkingTBDs/Release -L/tmp/plainsong-e9-build-7377cf4e51edb85d023986a8c33cabd3edff6a10/Release/Build/Products/Release -L/Applications/Xcode-beta.app/Contents/Developer/Platforms/MacOSX.platform/Developer/usr/lib -F/tmp/plainsong-e9-build-7377cf4e51edb85d023986a8c33cabd3edff6a10/Release/Build/Intermediates.noindex/EagerLinkingTBDs/Release -F/tmp/plainsong-e9-build-7377cf4e51edb85d023986a8c33cabd3edff6a10/Release/Build/Products/Release/PackageFrameworks -F/tmp/plainsong-e9-build-7377cf4e51edb85d023986a8c33cabd3edff6a10/Release/Build/Products/Release -iframework /Applications/Xcode-beta.app/Contents/Developer/Platforms/MacOSX.platform/Developer/Library/Frameworks -filelist /tmp/plainsong-e9-build-7377cf4e51edb85d023986a8c33cabd3edff6a10/Release/Build/Intermediates.noindex/Plainsong.build/Release/PerformanceTests.build/Objects-normal/x86_64/PerformanceTests.LinkFileList -Xlinker -rpath -Xlinker /usr/lib/swift -Xlinker -rpath -Xlinker @loader_path/../Frameworks -Xlinker -rpath -Xlinker @executable_path/../Frameworks -bundle_loader /tmp/plainsong-e9-build-7377cf4e51edb85d023986a8c33cabd3edff6a10/Release/Build/Products/Release/Plainsong.app/Contents/MacOS/Plainsong -Xlinker -object_path_lto -Xlinker /tmp/plainsong-e9-build-7377cf4e51edb85d023986a8c33cabd3edff6a10/Release/Build/Intermediates.noindex/Plainsong.build/Release/PerformanceTests.build/Objects-normal/x86_64/PerformanceTests_lto.o -rdynamic -Xlinker -dependency_info -Xlinker /tmp/plainsong-e9-build-7377cf4e51edb85d023986a8c33cabd3edff6a10/Release/Build/Intermediates.noindex/Plainsong.build/Release/PerformanceTests.build/Objects-normal/x86_64/PerformanceTests_dependency_info.dat -fobjc-link-runtime -L/Applications/Xcode-beta.app/Contents/Developer/Toolchains/XcodeDefault.xctoolchain/usr/lib/swift/macosx -L/usr/lib/swift -Xlinker -add_ast_path -Xlinker /tmp/plainsong-e9-build-7377cf4e51edb85d023986a8c33cabd3edff6a10/Release/Build/Intermediates.noindex/Plainsong.build/Release/PerformanceTests.build/Objects-normal/x86_64/PerformanceTests.swiftmodule -Xlinker -needed_framework -Xlinker XCTest -framework XCTest -Xlinker -needed-lXCTestSwiftSupport -lXCTestSwiftSupport -Xlinker -no_adhoc_codesign -o /tmp/plainsong-e9-build-7377cf4e51edb85d023986a8c33cabd3edff6a10/Release/Build/Intermediates.noindex/Plainsong.build/Release/PerformanceTests.build/Objects-normal/x86_64/Binary/PerformanceTests

Ld /tmp/plainsong-e9-build-7377cf4e51edb85d023986a8c33cabd3edff6a10/Release/Build/Intermediates.noindex/Plainsong.build/Release/PerformanceTests.build/Objects-normal/arm64/Binary/PerformanceTests normal arm64 (in target 'PerformanceTests' from project 'Plainsong')
    cd /Users/davis._.su/Documents/plainsong-export-html-command
    /Applications/Xcode-beta.app/Contents/Developer/Toolchains/XcodeDefault.xctoolchain/usr/bin/clang -Xlinker -reproducible -target arm64-apple-macos14.0 -bundle -isysroot /Applications/Xcode-beta.app/Contents/Developer/Platforms/MacOSX.platform/Developer/SDKs/MacOSX27.0.sdk -Os -Xlinker -no_warn_duplicate_libraries -L/tmp/plainsong-e9-build-7377cf4e51edb85d023986a8c33cabd3edff6a10/Release/Build/Intermediates.noindex/EagerLinkingTBDs/Release -L/tmp/plainsong-e9-build-7377cf4e51edb85d023986a8c33cabd3edff6a10/Release/Build/Products/Release -L/Applications/Xcode-beta.app/Contents/Developer/Platforms/MacOSX.platform/Developer/usr/lib -F/tmp/plainsong-e9-build-7377cf4e51edb85d023986a8c33cabd3edff6a10/Release/Build/Intermediates.noindex/EagerLinkingTBDs/Release -F/tmp/plainsong-e9-build-7377cf4e51edb85d023986a8c33cabd3edff6a10/Release/Build/Products/Release/PackageFrameworks -F/tmp/plainsong-e9-build-7377cf4e51edb85d023986a8c33cabd3edff6a10/Release/Build/Products/Release -iframework /Applications/Xcode-beta.app/Contents/Developer/Platforms/MacOSX.platform/Developer/Library/Frameworks -filelist /tmp/plainsong-e9-build-7377cf4e51edb85d023986a8c33cabd3edff6a10/Release/Build/Intermediates.noindex/Plainsong.build/Release/PerformanceTests.build/Objects-normal/arm64/PerformanceTests.LinkFileList -Xlinker -rpath -Xlinker /usr/lib/swift -Xlinker -rpath -Xlinker @loader_path/../Frameworks -Xlinker -rpath -Xlinker @executable_path/../Frameworks -bundle_loader /tmp/plainsong-e9-build-7377cf4e51edb85d023986a8c33cabd3edff6a10/Release/Build/Products/Release/Plainsong.app/Contents/MacOS/Plainsong -Xlinker -object_path_lto -Xlinker /tmp/plainsong-e9-build-7377cf4e51edb85d023986a8c33cabd3edff6a10/Release/Build/Intermediates.noindex/Plainsong.build/Release/PerformanceTests.build/Objects-normal/arm64/PerformanceTests_lto.o -rdynamic -Xlinker -dependency_info -Xlinker /tmp/plainsong-e9-build-7377cf4e51edb85d023986a8c33cabd3edff6a10/Release/Build/Intermediates.noindex/Plainsong.build/Release/PerformanceTests.build/Objects-normal/arm64/PerformanceTests_dependency_info.dat -fobjc-link-runtime -L/Applications/Xcode-beta.app/Contents/Developer/Toolchains/XcodeDefault.xctoolchain/usr/lib/swift/macosx -L/usr/lib/swift -Xlinker -add_ast_path -Xlinker /tmp/plainsong-e9-build-7377cf4e51edb85d023986a8c33cabd3edff6a10/Release/Build/Intermediates.noindex/Plainsong.build/Release/PerformanceTests.build/Objects-normal/arm64/PerformanceTests.swiftmodule -Xlinker -needed_framework -Xlinker XCTest -framework XCTest -Xlinker -needed-lXCTestSwiftSupport -lXCTestSwiftSupport -Xlinker -no_adhoc_codesign -o /tmp/plainsong-e9-build-7377cf4e51edb85d023986a8c33cabd3edff6a10/Release/Build/Intermediates.noindex/Plainsong.build/Release/PerformanceTests.build/Objects-normal/arm64/Binary/PerformanceTests

CreateUniversalBinary /tmp/plainsong-e9-build-7377cf4e51edb85d023986a8c33cabd3edff6a10/Release/Build/Products/Release/Plainsong.app/Contents/PlugIns/PerformanceTests.xctest/Contents/MacOS/PerformanceTests normal arm64\ x86_64 (in target 'PerformanceTests' from project 'Plainsong')
    cd /Users/davis._.su/Documents/plainsong-export-html-command
    /Applications/Xcode-beta.app/Contents/Developer/Toolchains/XcodeDefault.xctoolchain/usr/bin/lipo -create /tmp/plainsong-e9-build-7377cf4e51edb85d023986a8c33cabd3edff6a10/Release/Build/Intermediates.noindex/Plainsong.build/Release/PerformanceTests.build/Objects-normal/arm64/Binary/PerformanceTests /tmp/plainsong-e9-build-7377cf4e51edb85d023986a8c33cabd3edff6a10/Release/Build/Intermediates.noindex/Plainsong.build/Release/PerformanceTests.build/Objects-normal/x86_64/Binary/PerformanceTests -output /tmp/plainsong-e9-build-7377cf4e51edb85d023986a8c33cabd3edff6a10/Release/Build/Products/Release/Plainsong.app/Contents/PlugIns/PerformanceTests.xctest/Contents/MacOS/PerformanceTests

CopySwiftLibs /tmp/plainsong-e9-build-7377cf4e51edb85d023986a8c33cabd3edff6a10/Release/Build/Products/Release/Plainsong.app/Contents/PlugIns/PerformanceTests.xctest (in target 'PerformanceTests' from project 'Plainsong')
    cd /Users/davis._.su/Documents/plainsong-export-html-command
    builtin-swiftStdLibTool --copy --verbose --sign - --scan-executable /tmp/plainsong-e9-build-7377cf4e51edb85d023986a8c33cabd3edff6a10/Release/Build/Products/Release/Plainsong.app/Contents/PlugIns/PerformanceTests.xctest/Contents/MacOS/PerformanceTests --scan-folder /tmp/plainsong-e9-build-7377cf4e51edb85d023986a8c33cabd3edff6a10/Release/Build/Products/Release/Plainsong.app/Contents/PlugIns/PerformanceTests.xctest/Contents/Frameworks --scan-folder /tmp/plainsong-e9-build-7377cf4e51edb85d023986a8c33cabd3edff6a10/Release/Build/Products/Release/Plainsong.app/Contents/PlugIns/PerformanceTests.xctest/Contents/PlugIns --scan-folder /tmp/plainsong-e9-build-7377cf4e51edb85d023986a8c33cabd3edff6a10/Release/Build/Products/Release/Plainsong.app/Contents/PlugIns/PerformanceTests.xctest/Contents/Library/SystemExtensions --scan-folder /tmp/plainsong-e9-build-7377cf4e51edb85d023986a8c33cabd3edff6a10/Release/Build/Products/Release/Plainsong.app/Contents/PlugIns/PerformanceTests.xctest/Contents/Extensions --platform macosx --toolchain /Applications/Xcode-beta.app/Contents/Developer/Toolchains/XcodeDefault.xctoolchain --destination /tmp/plainsong-e9-build-7377cf4e51edb85d023986a8c33cabd3edff6a10/Release/Build/Products/Release/Plainsong.app/Contents/PlugIns/PerformanceTests.xctest/Contents/Frameworks --strip-bitcode --scan-executable /Applications/Xcode-beta.app/Contents/Developer/Platforms/MacOSX.platform/Developer/usr/lib/libXCTestSwiftSupport.dylib --strip-bitcode-tool /Applications/Xcode-beta.app/Contents/Developer/Toolchains/XcodeDefault.xctoolchain/usr/bin/bitcode_strip --emit-dependency-info /tmp/plainsong-e9-build-7377cf4e51edb85d023986a8c33cabd3edff6a10/Release/Build/Intermediates.noindex/Plainsong.build/Release/PerformanceTests.build/SwiftStdLibToolInputDependencies.dep --filter-for-swift-os --back-deploy-swift-span

ExtractAppIntentsMetadata (in target 'PerformanceTests' from project 'Plainsong')
    cd /Users/davis._.su/Documents/plainsong-export-html-command
    /Applications/Xcode-beta.app/Contents/Developer/Toolchains/XcodeDefault.xctoolchain/usr/bin/appintentsmetadataprocessor --toolchain-dir /Applications/Xcode-beta.app/Contents/Developer/Toolchains/XcodeDefault.xctoolchain --module-name PerformanceTests --sdk-root /Applications/Xcode-beta.app/Contents/Developer/Platforms/MacOSX.platform/Developer/SDKs/MacOSX27.0.sdk --xcode-version 27A5194q --platform-family macOS --deployment-target 14.0 --bundle-identifier app.plainsong.editor.performance-tests --output /tmp/plainsong-e9-build-7377cf4e51edb85d023986a8c33cabd3edff6a10/Release/Build/Products/Release/Plainsong.app/Contents/PlugIns/PerformanceTests.xctest/Contents/Resources --target-triple arm64-apple-macos14.0 --target-triple x86_64-apple-macos14.0 --binary-file /tmp/plainsong-e9-build-7377cf4e51edb85d023986a8c33cabd3edff6a10/Release/Build/Products/Release/Plainsong.app/Contents/PlugIns/PerformanceTests.xctest/Contents/MacOS/PerformanceTests --dependency-file /tmp/plainsong-e9-build-7377cf4e51edb85d023986a8c33cabd3edff6a10/Release/Build/Intermediates.noindex/Plainsong.build/Release/PerformanceTests.build/Objects-normal/arm64/PerformanceTests_dependency_info.dat --dependency-file /tmp/plainsong-e9-build-7377cf4e51edb85d023986a8c33cabd3edff6a10/Release/Build/Intermediates.noindex/Plainsong.build/Release/PerformanceTests.build/Objects-normal/x86_64/PerformanceTests_dependency_info.dat --stringsdata-file /tmp/plainsong-e9-build-7377cf4e51edb85d023986a8c33cabd3edff6a10/Release/Build/Intermediates.noindex/Plainsong.build/Release/PerformanceTests.build/Objects-normal/arm64/ExtractedAppShortcutsMetadata.stringsdata --stringsdata-file /tmp/plainsong-e9-build-7377cf4e51edb85d023986a8c33cabd3edff6a10/Release/Build/Intermediates.noindex/Plainsong.build/Release/PerformanceTests.build/Objects-normal/x86_64/ExtractedAppShortcutsMetadata.stringsdata --source-file-list /tmp/plainsong-e9-build-7377cf4e51edb85d023986a8c33cabd3edff6a10/Release/Build/Intermediates.noindex/Plainsong.build/Release/PerformanceTests.build/Objects-normal/arm64/PerformanceTests.SwiftFileList --source-file-list /tmp/plainsong-e9-build-7377cf4e51edb85d023986a8c33cabd3edff6a10/Release/Build/Intermediates.noindex/Plainsong.build/Release/PerformanceTests.build/Objects-normal/x86_64/PerformanceTests.SwiftFileList --metadata-file-list /tmp/plainsong-e9-build-7377cf4e51edb85d023986a8c33cabd3edff6a10/Release/Build/Intermediates.noindex/Plainsong.build/Release/PerformanceTests.build/PerformanceTests.DependencyMetadataFileList --static-metadata-file-list /tmp/plainsong-e9-build-7377cf4e51edb85d023986a8c33cabd3edff6a10/Release/Build/Intermediates.noindex/Plainsong.build/Release/PerformanceTests.build/PerformanceTests.DependencyStaticMetadataFileList --swift-const-vals-list /tmp/plainsong-e9-build-7377cf4e51edb85d023986a8c33cabd3edff6a10/Release/Build/Intermediates.noindex/Plainsong.build/Release/PerformanceTests.build/Objects-normal/arm64/PerformanceTests.SwiftConstValuesFileList --swift-const-vals-list /tmp/plainsong-e9-build-7377cf4e51edb85d023986a8c33cabd3edff6a10/Release/Build/Intermediates.noindex/Plainsong.build/Release/PerformanceTests.build/Objects-normal/x86_64/PerformanceTests.SwiftConstValuesFileList --compile-time-extraction --deployment-aware-processing --validate-assistant-intents --no-app-shortcuts-localization
2026-10-04 19:39:28.460 appintentsmetadataprocessor[21015:194427] Starting appintentsmetadataprocessor export
2026-10-04 19:39:28.463 appintentsmetadataprocessor[21015:194427] warning: Metadata extraction skipped, no AppIntents.framework dependency found

GenerateDSYMFile /tmp/plainsong-e9-build-7377cf4e51edb85d023986a8c33cabd3edff6a10/Release/Build/Products/Release/Plainsong.app/Contents/PlugIns/PerformanceTests.xctest.dSYM /tmp/plainsong-e9-build-7377cf4e51edb85d023986a8c33cabd3edff6a10/Release/Build/Products/Release/Plainsong.app/Contents/PlugIns/PerformanceTests.xctest/Contents/MacOS/PerformanceTests (in target 'PerformanceTests' from project 'Plainsong')
    cd /Users/davis._.su/Documents/plainsong-export-html-command
    export PATH\=/Applications/Xcode-beta.app/Contents/SharedFrameworks/SwiftBuild.framework/Versions/A/PlugIns/SWBBuildService.bundle/Contents/PlugIns/SWBUniversalPlatformPlugin.bundle/Contents/Frameworks/SWBUniversalPlatform.framework/Resources:/Applications/Xcode-beta.app/Contents/Developer/Toolchains/XcodeDefault.xctoolchain/usr/bin:/Applications/Xcode-beta.app/Contents/Developer/Toolchains/XcodeDefault.xctoolchain/usr/local/bin:/Applications/Xcode-beta.app/Contents/Developer/Toolchains/XcodeDefault.xctoolchain/usr/libexec:/Applications/Xcode-beta.app/Contents/Developer/Platforms/MacOSX.platform/usr/bin:/Applications/Xcode-beta.app/Contents/Developer/Platforms/MacOSX.platform/usr/local/bin:/Applications/Xcode-beta.app/Contents/Developer/Platforms/MacOSX.platform/Developer/usr/bin:/Applications/Xcode-beta.app/Contents/Developer/Platforms/MacOSX.platform/Developer/usr/local/bin:/Applications/Xcode-beta.app/Contents/Developer/usr/bin:/Applications/Xcode-beta.app/Contents/Developer/usr/local/bin:/opt/homebrew/bin:/opt/homebrew/sbin:/System/Cryptexes/App/usr/bin:/usr/bin:/bin:/usr/sbin:/sbin:/var/run/com.apple.security.cryptexd/codex.system/bootstrap/usr/local/bin:/var/run/com.apple.security.cryptexd/codex.system/bootstrap/usr/bin:/var/run/com.apple.security.cryptexd/codex.system/bootstrap/usr/appleinternal/bin:/pkg/env/global/bin:/Library/Apple/usr/bin:/Applications/Wireshark.app/Contents/MacOS:/usr/local/share/dotnet:/Users/davis._.su/.codex/packages/app-server-daemon/releases/0.160.0-aarch64-apple-darwin/codex-path:/Users/davis._.su/.codex/tmp/arg0/codex-arg0eGdkc2:/Users/davis._.su/.codex/tmp/arg0/codex-arg09RvVq4:/Users/davis._.su/.nvm/versions/node/v24.16.0/lib/node_modules/@openai/codex/node_modules/@openai/codex-darwin-arm64/vendor/aarch64-apple-darwin/codex-path:/Users/davis._.su/.codeium/windsurf/bin:/Users/davis._.su/.grok/bin:/Users/davis._.su/.antigravity-ide/antigravity-ide/bin:/Users/davis._.su/Library/pnpm/bin:/Users/davis._.su/.bun/bin:/Users/davis._.su/.local/state/fnm_multishells/6826_1791092864739/bin:/opt/homebrew/opt/fnm/bin:/Users/davis._.su/.antigravity/antigravity/bin:/Users/davis._.su/.nvm/versions/node/v24.16.0/bin:/Users/davis._.su/miniforge3/bin:/Users/davis._.su/miniforge3/condabin:/Users/davis._.su/go/bin:/Users/davis._.su/.local/opt/go/bin:/Users/davis._.su/.local/bin:/Applications/Ghostty.app/Contents/MacOS:/Users/davis._.su/.orbstack/bin
    /Applications/Xcode-beta.app/Contents/Developer/Toolchains/XcodeDefault.xctoolchain/usr/bin/dsymutil /tmp/plainsong-e9-build-7377cf4e51edb85d023986a8c33cabd3edff6a10/Release/Build/Products/Release/Plainsong.app/Contents/PlugIns/PerformanceTests.xctest/Contents/MacOS/PerformanceTests -o /tmp/plainsong-e9-build-7377cf4e51edb85d023986a8c33cabd3edff6a10/Release/Build/Products/Release/Plainsong.app/Contents/PlugIns/PerformanceTests.xctest.dSYM

CodeSign /tmp/plainsong-e9-build-7377cf4e51edb85d023986a8c33cabd3edff6a10/Release/Build/Products/Release/Plainsong.app/Contents/PlugIns/PerformanceTests.xctest (in target 'PerformanceTests' from project 'Plainsong')
    cd /Users/davis._.su/Documents/plainsong-export-html-command
    
    Signing Identity:     "Sign to Run Locally"
    
    /usr/bin/codesign --force --sign - --timestamp\=none --generate-entitlement-der /tmp/plainsong-e9-build-7377cf4e51edb85d023986a8c33cabd3edff6a10/Release/Build/Products/Release/Plainsong.app/Contents/PlugIns/PerformanceTests.xctest

RegisterExecutionPolicyException /tmp/plainsong-e9-build-7377cf4e51edb85d023986a8c33cabd3edff6a10/Release/Build/Products/Release/Plainsong.app/Contents/PlugIns/PerformanceTests.xctest (in target 'PerformanceTests' from project 'Plainsong')
    cd /Users/davis._.su/Documents/plainsong-export-html-command
    builtin-RegisterExecutionPolicyException /tmp/plainsong-e9-build-7377cf4e51edb85d023986a8c33cabd3edff6a10/Release/Build/Products/Release/Plainsong.app/Contents/PlugIns/PerformanceTests.xctest

Touch /tmp/plainsong-e9-build-7377cf4e51edb85d023986a8c33cabd3edff6a10/Release/Build/Products/Release/Plainsong.app/Contents/PlugIns/PerformanceTests.xctest (in target 'PerformanceTests' from project 'Plainsong')
    cd /Users/davis._.su/Documents/plainsong-export-html-command
    /usr/bin/touch -c /tmp/plainsong-e9-build-7377cf4e51edb85d023986a8c33cabd3edff6a10/Release/Build/Products/Release/Plainsong.app/Contents/PlugIns/PerformanceTests.xctest

CodeSign /tmp/plainsong-e9-build-7377cf4e51edb85d023986a8c33cabd3edff6a10/Release/Build/Products/Release/Plainsong.app (in target 'Plainsong' from project 'Plainsong')
    cd /Users/davis._.su/Documents/plainsong-export-html-command
    
    Signing Identity:     "Sign to Run Locally"
    
    /usr/bin/codesign --force --sign - --entitlements /tmp/plainsong-e9-build-7377cf4e51edb85d023986a8c33cabd3edff6a10/Release/Build/Intermediates.noindex/Plainsong.build/Release/Plainsong.build/Plainsong.app.xcent --timestamp\=none --generate-entitlement-der /tmp/plainsong-e9-build-7377cf4e51edb85d023986a8c33cabd3edff6a10/Release/Build/Products/Release/Plainsong.app
/tmp/plainsong-e9-build-7377cf4e51edb85d023986a8c33cabd3edff6a10/Release/Build/Products/Release/Plainsong.app: code object is not signed at all
In subcomponent: /private/tmp/plainsong-e9-build-7377cf4e51edb85d023986a8c33cabd3edff6a10/Release/Build/Products/Release/Plainsong.app/Contents/PlugIns/PlainsongTests.xctest
Command CodeSign failed with a nonzero exit code

PruneExplicitPrecompiledModules /tmp/plainsong-e9-build-7377cf4e51edb85d023986a8c33cabd3edff6a10/Release/Build/Intermediates.noindex/ExplicitPrecompiledModules

PruneExplicitPrecompiledModules /tmp/plainsong-e9-build-7377cf4e51edb85d023986a8c33cabd3edff6a10/Release/Build/Intermediates.noindex/SwiftExplicitPrecompiledModules

** TEST BUILD FAILED **


The following build commands failed:
	CodeSign /tmp/plainsong-e9-build-7377cf4e51edb85d023986a8c33cabd3edff6a10/Release/Build/Products/Release/Plainsong.app (in target 'Plainsong' from project 'Plainsong')
	Building project Plainsong for testing with scheme PerformanceTests
(2 failures)
